id;nazwa;2019;2020;20192;20203
0000000;POLSKA;25 806 074;25 565 275;12 576 502;12 523 289
0200000;DOLNOŚLĄSKIE;1 967 527;1 957 106;932 636;951 272
0201000;Powiat bolesławiecki;90 103;88 524;0;0
0201011;Bolesławiec (1);38 872;37 659;0;0
0201022;Bolesławiec (2);14 699;14 967;0;0
0201032;Gromadka (2);5 337;5 156;0;0
0201043;Nowogrodziec (3);15 214;14 852;0;0
0201044;Nowogrodziec - miasto (4);4 207;4 167;0;0
0201045;Nowogrodziec - obszar wiejski (5);11 007;10 685;0;0
0201052;Osiecznica (2);7 349;7 358;0;0
0201062;Warta Bolesławiecka (2);8 632;8 532;0;0
0202000;Powiat dzierżoniowski;100 813;97 985;0;0
0202011;Bielawa (1);29 872;28 973;0;0
0202021;Dzierżoniów (1);33 137;31 997;0;0
0202033;Pieszyce (3);9 410;9 107;0;0
0202034;Pieszyce - miasto (4);7 095;6 959;0;0
0202035;Pieszyce - obszar wiejski (5);2 315;2 148;0;0
0202041;Piława Górna (1);6 394;6 129;0;0
0202052;Dzierżoniów (2);9 092;9 243;0;0
0202062;Łagiewniki (2);7 438;7 287;0;0
0202073;Niemcza (3);5 470;5 249;0;0
0202074;Niemcza - miasto (4);2 963;2 820;0;0
0202075;Niemcza - obszar wiejski (5);2 507;2 429;0;0
0203000;Powiat głogowski;89 102;86 797;0;0
0203011;Głogów (1);66 980;64 450;0;0
0203022;Głogów (2);6 791;6 933;0;0
0203032;Jerzmanowa (2);5 156;5 439;0;0
0203042;Kotla (2);4 455;4 401;0;0
0203052;Pęcław (2);2 259;2 136;0;0
0203062;Żukowice (2);3 461;3 438;0;0
0204000;Powiat górowski;34 870;33 376;0;0
0204013;Góra (3);19 878;19 005;0;0
0204014;Góra - miasto (4);11 678;11 217;0;0
0204015;Góra - obszar wiejski (5);8 200;7 788;0;0
0204022;Jemielno (2);2 997;2 826;0;0
0204032;Niechlów (2);4 840;4 632;0;0
0204043;Wąsosz (3);7 155;6 913;0;0
0204044;Wąsosz - miasto (4);2 660;2 615;0;0
0204045;Wąsosz - obszar wiejski (5);4 495;4 298;0;0
0205000;Powiat jaworski;50 116;48 626;0;0
0205011;Jawor (1);22 758;21 575;0;0
0205023;Bolków (3);10 388;9 942;0;0
0205024;Bolków - miasto (4);4 967;4 780;0;0
0205025;Bolków - obszar wiejski (5);5 421;5 162;0;0
0205032;Męcinka (2);5 007;5 068;0;0
0205042;Mściwojów (2);4 054;4 053;0;0
0205052;Paszowice (2);3 997;4 130;0;0
0205062;Wądroże Wielkie (2);3 912;3 858;0;0
0206000;Powiat karkonoski;63 591;61 884;0;0
0206011;Karpacz (1);4 570;4 477;0;0
0206021;Kowary (1);10 813;10 266;0;0
0206031;Piechowice (1);6 156;5 968;0;0
0206041;Szklarska Poręba (1);6 633;5 968;0;0
0206052;Janowice Wielkie (2);4 302;4 136;0;0
0206062;Jeżów Sudecki (2);7 456;7 663;0;0
0206072;Mysłakowice (2);10 160;9 867;0;0
0206082;Podgórzyn (2);8 249;8 254;0;0
0206092;Stara Kamienica (2);5 252;5 285;0;0
0207000;Powiat kamiennogórski;43 239;41 817;0;0
0207011;Kamienna Góra (1);18 840;18 073;0;0
0207022;Kamienna Góra (2);9 035;8 904;0;0
0207033;Lubawka (3);10 851;10 465;0;0
0207034;Lubawka - miasto (4);5 989;5 742;0;0
0207035;Lubawka - obszar wiejski (5);4 862;4 723;0;0
0207042;Marciszów (2);4 513;4 375;0;0
0208000;Powiat kłodzki;157 996;152 651;0;0
0208011;Duszniki-Zdrój (1);4 545;4 271;0;0
0208021;Kłodzko (1);26 742;25 869;0;0
0208031;Kudowa-Zdrój (1);9 886;9 666;0;0
0208041;Nowa Ruda (1);21 908;21 400;0;0
0208051;Polanica-Zdrój (1);6 307;6 259;0;0
0208063;Bystrzyca Kłodzka (3);18 825;17 947;0;0
0208064;Bystrzyca Kłodzka - miasto (4);10 047;9 443;0;0
0208065;Bystrzyca Kłodzka - obszar wiejski (5);8 778;8 504;0;0
0208072;Kłodzko (2);17 112;16 803;0;0
0208083;Lądek-Zdrój (3);8 210;7 817;0;0
0208084;Lądek-Zdrój - miasto (4);5 557;5 232;0;0
0208085;Lądek-Zdrój - obszar wiejski (5);2 653;2 585;0;0
0208092;Lewin Kłodzki (2);1 923;1 971;0;0
0208103;Międzylesie (3);7 168;6 956;0;0
0208104;Międzylesie - miasto (4);2 561;2 495;0;0
0208105;Międzylesie - obszar wiejski (5);4 607;4 461;0;0
0208112;Nowa Ruda (2);11 546;10 948;0;0
0208123;Radków (3);9 052;8 670;0;0
0208124;Radków - miasto (4);2 413;2 319;0;0
0208125;Radków - obszar wiejski (5);6 639;6 351;0;0
0208133;Stronie Śląskie (3);7 493;7 031;0;0
0208134;Stronie Śląskie - miasto (4);5 679;5 200;0;0
0208135;Stronie Śląskie - obszar wiejski (5);1 814;1 831;0;0
0208143;Szczytna (3);7 279;7 043;0;0
0208144;Szczytna - miasto (4);5 130;4 920;0;0
0208145;Szczytna - obszar wiejski (5);2 149;2 123;0;0
0209000;Powiat legnicki;55 166;55 038;0;0
0209011;Chojnów (1);13 266;12 852;0;0
0209022;Chojnów (2);9 597;9 554;0;0
0209032;Krotoszyce (2);3 319;3 302;0;0
0209042;Kunice (2);7 025;7 312;0;0
0209052;Legnickie Pole (2);5 196;5 188;0;0
0209062;Miłkowice (2);6 762;7 058;0;0
0209073;Prochowice (3);7 406;7 313;0;0
0209074;Prochowice - miasto (4);3 577;3 582;0;0
0209075;Prochowice - obszar wiejski (5);3 829;3 731;0;0
0209082;Ruja (2);2 595;2 459;0;0
0210000;Powiat lubański;54 254;52 944;0;0
0210011;Lubań (1);20 965;20 167;0;0
0210021;Świeradów-Zdrój (1);4 100;4 129;0;0
0210033;Leśna (3);9 952;9 653;0;0
0210034;Leśna - miasto (4);4 394;4 226;0;0
0210035;Leśna - obszar wiejski (5);5 558;5 427;0;0
0210042;Lubań (2);6 597;6 504;0;0
0210053;Olszyna (3);6 508;6 439;0;0
0210054;Olszyna - miasto (4);4 344;4 376;0;0
0210055;Olszyna - obszar wiejski (5);2 164;2 063;0;0
0210062;Platerówka (2);1 630;1 559;0;0
0210072;Siekierczyn (2);4 502;4 493;0;0
0211000;Powiat lubiński;106 150;104 480;0;0
0211011;Lubin (1);72 300;70 166;0;0
0211022;Lubin (2);16 178;17 324;0;0
0211032;Rudna (2);7 806;7 471;0;0
0211043;Ścinawa (3);9 866;9 519;0;0
0211044;Ścinawa - miasto (4);5 530;5 349;0;0
0211045;Ścinawa - obszar wiejski (5);4 336;4 170;0;0
0212000;Powiat lwówecki;45 925;44 033;0;0
0212013;Gryfów Śląski (3);9 667;9 417;0;0
0212014;Gryfów Śląski - miasto (4);6 617;6 398;0;0
0212015;Gryfów Śląski - obszar wiejski (5);3 050;3 019;0;0
0212023;Lubomierz (3);6 218;5 760;0;0
0212024;Lubomierz - miasto (4);2 004;1 808;0;0
0212025;Lubomierz - obszar wiejski (5);4 214;3 952;0;0
0212033;Lwówek Śląski (3);17 268;16 607;0;0
0212034;Lwówek Śląski - miasto (4);8 822;8 524;0;0
0212035;Lwówek Śląski - obszar wiejski (5);8 446;8 083;0;0
0212043;Mirsk (3);8 525;8 234;0;0
0212044;Mirsk - miasto (4);3 814;3 728;0;0
0212045;Mirsk - obszar wiejski (5);4 711;4 506;0;0
0212053;Wleń (3);4 247;4 015;0;0
0212054;Wleń - miasto (4);1 751;1 632;0;0
0212055;Wleń - obszar wiejski (5);2 496;2 383;0;0
0213000;Powiat milicki;36 999;36 184;0;0
0213012;Cieszków (2);4 663;4 601;0;0
0213022;Krośnice (2);8 139;8 011;0;0
0213033;Milicz (3);24 197;23 572;0;0
0213034;Milicz - miasto (4);11 312;11 064;0;0
0213035;Milicz - obszar wiejski (5);12 885;12 508;0;0
0214000;Powiat oleśnicki;107 269;106 650;0;0
0214011;Oleśnica (1);37 142;35 931;0;0
0214023;Bierutów (3);9 960;9 599;0;0
0214024;Bierutów - miasto (4);4 874;4 635;0;0
0214025;Bierutów - obszar wiejski (5);5 086;4 964;0;0
0214032;Dobroszyce (2);6 801;7 021;0;0
0214042;Dziadowa Kłoda (2);4 598;4 590;0;0
0214053;Międzybórz (3);5 092;5 078;0;0
0214054;Międzybórz - miasto (4);2 354;2 371;0;0
0214055;Międzybórz - obszar wiejski (5);2 738;2 707;0;0
0214062;Oleśnica (2);13 854;15 202;0;0
0214073;Syców (3);16 874;16 540;0;0
0214074;Syców - miasto (4);10 381;10 136;0;0
0214075;Syców - obszar wiejski (5);6 493;6 404;0;0
0214083;Twardogóra (3);12 948;12 689;0;0
0214084;Twardogóra - miasto (4);6 624;6 390;0;0
0214085;Twardogóra - obszar wiejski (5);6 324;6 299;0;0
0215000;Powiat oławski;76 752;77 405;0;0
0215011;Oława (1);33 108;33 295;0;0
0215022;Domaniów (2);5 162;5 019;0;0
0215033;Jelcz-Laskowice (3);23 292;23 658;0;0
0215034;Jelcz-Laskowice - miasto (4);15 745;15 412;0;0
0215035;Jelcz-Laskowice - obszar wiejski (5);7 547;8 246;0;0
0215042;Oława (2);15 190;15 433;0;0
0216000;Powiat polkowicki;63 065;61 610;0;0
0216013;Chocianów (3);12 796;12 598;0;0
0216014;Chocianów - miasto (4);7 866;7 602;0;0
0216015;Chocianów - obszar wiejski (5);4 930;4 996;0;0
0216022;Gaworzyce (2);3 991;3 815;0;0
0216032;Grębocice (2);5 402;5 280;0;0
0216043;Polkowice (3);27 727;27 025;0;0
0216044;Polkowice - miasto (4);22 486;21 828;0;0
0216045;Polkowice - obszar wiejski (5);5 241;5 197;0;0
0216053;Przemków (3);8 341;8 039;0;0
0216054;Przemków - miasto (4);6 091;5 857;0;0
0216055;Przemków - obszar wiejski (5);2 250;2 182;0;0
0216062;Radwanice (2);4 808;4 853;0;0
0217000;Powiat strzeliński;43 570;42 522;0;0
0217012;Borów (2);5 272;5 115;0;0
0217022;Kondratowice (2);4 276;4 097;0;0
0217032;Przeworno (2);4 754;4 648;0;0
0217043;Strzelin (3);22 167;21 610;0;0
0217044;Strzelin - miasto (4);12 474;12 152;0;0
0217045;Strzelin - obszar wiejski (5);9 693;9 458;0;0
0217053;Wiązów (3);7 101;7 052;0;0
0217054;Wiązów - miasto (4);2 212;2 318;0;0
0217055;Wiązów - obszar wiejski (5);4 889;4 734;0;0
0218000;Powiat średzki;55 079;57 409;0;0
0218012;Kostomłoty (2);7 119;7 272;0;0
0218022;Malczyce (2);5 952;5 776;0;0
0218032;Miękinia (2);17 006;19 543;0;0
0218043;Środa Śląska (3);19 914;19 851;0;0
0218044;Środa Śląska - miasto (4);9 539;9 518;0;0
0218045;Środa Śląska - obszar wiejski (5);10 375;10 333;0;0
0218052;Udanin (2);5 088;4 967;0;0
0219000;Powiat świdnicki;156 921;153 694;0;0
0219011;Świdnica (1);56 803;55 013;0;0
0219021;Świebodzice (1);22 744;22 278;0;0
0219032;Dobromierz (2);5 206;5 018;0;0
0219043;Jaworzyna Śląska (3);10 239;10 234;0;0
0219044;Jaworzyna Śląska - miasto (4);5 111;5 099;0;0
0219045;Jaworzyna Śląska - obszar wiejski (5);5 128;5 135;0;0
0219052;Marcinowice (2);6 519;6 327;0;0
0219063;Strzegom (3);25 708;24 882;0;0
0219064;Strzegom - miasto (4);16 032;15 413;0;0
0219065;Strzegom - obszar wiejski (5);9 676;9 469;0;0
0219072;Świdnica (2);17 311;17 654;0;0
0219083;Żarów (3);12 391;12 288;0;0
0219084;Żarów - miasto (4);6 698;6 603;0;0
0219085;Żarów - obszar wiejski (5);5 693;5 685;0;0
0220000;Powiat trzebnicki;85 253;86 869;0;0
0220013;Oborniki Śląskie (3);20 317;20 782;0;0
0220014;Oborniki Śląskie - miasto (4);9 120;9 071;0;0
0220015;Oborniki Śląskie - obszar wiejski (5);11 197;11 711;0;0
0220023;Prusice (3);9 377;9 380;0;0
0220024;Prusice - miasto (4);2 241;2 227;0;0
0220025;Prusice - obszar wiejski (5);7 136;7 153;0;0
0220033;Trzebnica (3);24 436;24 874;0;0
0220034;Trzebnica - miasto (4);13 343;13 614;0;0
0220035;Trzebnica - obszar wiejski (5);11 093;11 260;0;0
0220042;Wisznia Mała (2);10 559;11 593;0;0
0220052;Zawonia (2);5 904;5 851;0;0
0220063;Żmigród (3);14 660;14 389;0;0
0220064;Żmigród - miasto (4);6 443;6 354;0;0
0220065;Żmigród - obszar wiejski (5);8 217;8 035;0;0
0221000;Powiat wałbrzyski;55 611;54 085;0;0
0221011;Boguszów-Gorce (1);15 310;14 673;0;0
0221021;Jedlina-Zdrój (1);4 820;4 808;0;0
0221031;Szczawno-Zdrój (1);5 569;5 400;0;0
0221042;Czarny Bór (2);4 840;4 820;0;0
0221053;Głuszyca (3);8 605;8 315;0;0
0221054;Głuszyca - miasto (4);6 335;6 116;0;0
0221055;Głuszyca - obszar wiejski (5);2 270;2 199;0;0
0221063;Mieroszów (3);6 760;6 394;0;0
0221064;Mieroszów - miasto (4);4 045;3 888;0;0
0221065;Mieroszów - obszar wiejski (5);2 715;2 506;0;0
0221072;Stare Bogaczowice (2);4 304;4 261;0;0
0221082;Walim (2);5 403;5 414;0;0
0222000;Powiat wołowski;46 818;46 352;0;0
0222013;Brzeg Dolny (3);16 134;16 365;0;0
0222014;Brzeg Dolny - miasto (4);12 506;12 782;0;0
0222015;Brzeg Dolny - obszar wiejski (5);3 628;3 583;0;0
0222022;Wińsko (2);8 274;8 044;0;0
0222033;Wołów (3);22 410;21 943;0;0
0222034;Wołów - miasto (4);12 350;12 288;0;0
0222035;Wołów - obszar wiejski (5);10 060;9 655;0;0
0223000;Powiat wrocławski;151 385;174 276;0;0
0223012;Czernica (2);16 619;20 836;0;0
0223022;Długołęka (2);33 838;40 719;0;0
0223032;Jordanów Śląski (2);3 179;3 270;0;0
0223043;Kąty Wrocławskie (3);25 282;28 554;0;0
0223044;Kąty Wrocławskie - miasto (4);7 001;7 163;0;0
0223045;Kąty Wrocławskie - obszar wiejski (5);18 281;21 391;0;0
0223052;Kobierzyce (2);21 760;23 722;0;0
0223062;Mietków (2);3 759;3 900;0;0
0223073;Sobótka (3);12 914;12 998;0;0
0223074;Sobótka - miasto (4);6 989;7 032;0;0
0223075;Sobótka - obszar wiejski (5);5 925;5 966;0;0
0223083;Siechnice (3);22 878;27 536;0;0
0223084;Siechnice - miasto (4);8 320;9 857;0;0
0223085;Siechnice - obszar wiejski (5);14 558;17 679;0;0
0223092;Żórawina (2);11 156;12 741;0;0
0224000;Powiat ząbkowicki;64 802;62 561;0;0
0224013;Bardo (3);5 286;5 193;0;0
0224014;Bardo - miasto (4);2 553;2 473;0;0
0224015;Bardo - obszar wiejski (5);2 733;2 720;0;0
0224022;Ciepłowody (2);2 989;3 052;0;0
0224032;Kamieniec Ząbkowicki (2);8 086;7 703;0;0
0224042;Stoszowice (2);5 381;5 260;0;0
0224053;Ząbkowice Śląskie (3);21 664;21 043;0;0
0224054;Ząbkowice Śląskie - miasto (4);14 929;14 621;0;0
0224055;Ząbkowice Śląskie - obszar wiejski (5);6 735;6 422;0;0
0224063;Ziębice (3);16 949;16 096;0;0
0224064;Ziębice - miasto (4);8 650;8 226;0;0
0224065;Ziębice - obszar wiejski (5);8 299;7 870;0;0
0224073;Złoty Stok (3);4 447;4 214;0;0
0224074;Złoty Stok - miasto (4);2 728;2 569;0;0
0224075;Złoty Stok - obszar wiejski (5);1 719;1 645;0;0
0225000;Powiat zgorzelecki;89 188;87 594;0;0
0225011;Zawidów (1);4 180;3 940;0;0
0225021;Zgorzelec (1);30 231;30 094;0;0
0225033;Bogatynia (3);22 940;22 120;0;0
0225034;Bogatynia - miasto (4);17 318;16 714;0;0
0225035;Bogatynia - obszar wiejski (5);5 622;5 406;0;0
0225043;Pieńsk (3);9 022;8 928;0;0
0225044;Pieńsk - miasto (4);5 763;5 659;0;0
0225045;Pieńsk - obszar wiejski (5);3 259;3 269;0;0
0225052;Sulików (2);6 012;5 926;0;0
0225063;Węgliniec (3);8 287;8 014;0;0
0225064;Węgliniec - miasto (4);2 830;2 716;0;0
0225065;Węgliniec - obszar wiejski (5);5 457;5 298;0;0
0225072;Zgorzelec (2);8 516;8 572;0;0
0226000;Powiat złotoryjski;43 490;41 740;0;0
0226011;Wojcieszów (1);3 650;3 500;0;0
0226021;Złotoryja (1);15 496;14 739;0;0
0226032;Pielgrzymka (2);4 551;4 356;0;0
0226043;Świerzawa (3);7 503;7 233;0;0
0226044;Świerzawa - miasto (4);2 249;2 123;0;0
0226045;Świerzawa - obszar wiejski (5);5 254;5 110;0;0
0226052;Zagrodno (2);5 269;4 970;0;0
0226062;Złotoryja (2);7 021;6 942;0;0
0261000;Powiat m. Jelenia Góra;0;0;79 061;77 538
0261011;Jelenia Góra (1);0;0;79 061;77 538
0262000;Powiat m. Legnica;0;0;99 350;95 135
0262011;Legnica (1);0;0;99 350;95 135
0264000;Powiat m. Wrocław;0;0;642 869;673 592
0264011;Wrocław (1);0;0;642 869;673 592
0265000;Powiat m. Wałbrzych od 2013;0;0;111 356;105 007
0265011;Wałbrzych od 2013 (1);0;0;111 356;105 007
0400000;KUJAWSKO-POMORSKIE;1 318 485;1 297 212;753 888;734 338
0401000;Powiat aleksandrowski;55 066;54 334;0;0
0401011;Aleksandrów Kujawski (1);12 102;11 770;0;0
0401021;Ciechocinek (1);10 618;10 445;0;0
0401031;Nieszawa (1);1 843;1 775;0;0
0401042;Aleksandrów Kujawski (2);11 943;11 911;0;0
0401052;Bądkowo (2);4 222;4 156;0;0
0401062;Koneck (2);3 125;3 144;0;0
0401072;Raciążek (2);3 138;3 227;0;0
0401082;Waganiec (2);4 566;4 496;0;0
0401092;Zakrzewo (2);3 509;3 410;0;0
0402000;Powiat brodnicki;79 097;78 397;0;0
0402011;Brodnica (1);28 880;28 880;0;0
0402022;Bobrowo (2);6 325;6 127;0;0
0402032;Brodnica (2);8 533;8 960;0;0
0402042;Brzozie (2);3 824;3 705;0;0
0402053;Górzno (3);3 913;3 810;0;0
0402054;Górzno - miasto (4);1 382;1 405;0;0
0402055;Górzno - obszar wiejski (5);2 531;2 405;0;0
0402062;Bartniczka (2);4 691;4 652;0;0
0402073;Jabłonowo Pomorskie (3);8 872;8 599;0;0
0402074;Jabłonowo Pomorskie - miasto (4);3 716;3 709;0;0
0402075;Jabłonowo Pomorskie - obszar wiejski (5);5 156;4 890;0;0
0402082;Osiek (2);4 043;3 843;0;0
0402092;Świedziebnia (2);5 161;4 996;0;0
0402102;Zbiczno (2);4 855;4 825;0;0
0403000;Powiat bydgoski;118 683;122 163;0;0
0403012;Białe Błota (2);22 450;24 300;0;0
0403022;Dąbrowa Chełmińska (2);8 369;8 452;0;0
0403032;Dobrcz (2);11 802;12 154;0;0
0403043;Koronowo (3);24 056;23 645;0;0
0403044;Koronowo - miasto (4);11 089;10 987;0;0
0403045;Koronowo - obszar wiejski (5);12 967;12 658;0;0
0403052;Nowa Wieś Wielka (2);10 195;10 124;0;0
0403062;Osielsko (2);14 771;16 424;0;0
0403072;Sicienko (2);10 241;10 426;0;0
0403083;Solec Kujawski (3);16 799;16 638;0;0
0403084;Solec Kujawski - miasto (4);15 635;15 490;0;0
0403085;Solec Kujawski - obszar wiejski (5);1 164;1 148;0;0
0404000;Powiat chełmiński;51 925;50 298;0;0
0404011;Chełmno (1);19 510;18 910;0;0
0404022;Chełmno (2);6 092;6 008;0;0
0404032;Kijewo Królewskie (2);4 516;4 341;0;0
0404042;Lisewo (2);5 199;5 013;0;0
0404052;Papowo Biskupie (2);4 343;4 094;0;0
0404062;Stolno (2);5 309;5 156;0;0
0404072;Unisław (2);6 956;6 776;0;0
0405000;Powiat golubsko-dobrzyński;45 018;44 175;0;0
0405011;Golub-Dobrzyń (1);12 546;11 780;0;0
0405022;Ciechocin (2);4 022;3 932;0;0
0405032;Golub-Dobrzyń (2);8 781;8 851;0;0
0405043;Kowalewo Pomorskie (3);11 453;11 277;0;0
0405044;Kowalewo Pomorskie - miasto (4);4 143;4 122;0;0
0405045;Kowalewo Pomorskie - obszar wiejski (5);7 310;7 155;0;0
0405052;Radomin (2);3 837;4 023;0;0
0405062;Zbójno (2);4 379;4 312;0;0
0406000;Powiat grudziądzki;40 238;39 335;0;0
0406012;Grudziądz (2);12 954;13 135;0;0
0406022;Gruta (2);6 396;6 140;0;0
0406033;Łasin (3);7 839;7 562;0;0
0406034;Łasin - miasto (4);3 197;3 160;0;0
0406035;Łasin - obszar wiejski (5);4 642;4 402;0;0
0406043;Radzyń Chełmiński (3);4 638;4 532;0;0
0406044;Radzyń Chełmiński - miasto (4);1 813;1 828;0;0
0406045;Radzyń Chełmiński - obszar wiejski (5);2 825;2 704;0;0
0406052;Rogóźno (2);4 241;4 089;0;0
0406062;Świecie nad Osą (2);4 170;3 877;0;0
0407000;Powiat inowrocławski;159 814;154 683;0;0
0407011;Inowrocław (1);72 561;69 868;0;0
0407022;Dąbrowa Biskupia (2);5 104;4 992;0;0
0407033;Gniewkowo (3);14 388;13 981;0;0
0407034;Gniewkowo - miasto (4);7 092;6 902;0;0
0407035;Gniewkowo - obszar wiejski (5);7 296;7 079;0;0
0407042;Inowrocław (2);11 825;11 997;0;0
0407053;Janikowo (3);13 067;12 653;0;0
0407054;Janikowo - miasto (4);8 712;8 380;0;0
0407055;Janikowo - obszar wiejski (5);4 355;4 273;0;0
0407063;Kruszwica (3);19 213;18 396;0;0
0407064;Kruszwica - miasto (4);8 819;8 709;0;0
0407065;Kruszwica - obszar wiejski (5);10 394;9 687;0;0
0407073;Pakość (3);9 793;9 362;0;0
0407074;Pakość - miasto (4);5 676;5 352;0;0
0407075;Pakość - obszar wiejski (5);4 117;4 010;0;0
0407082;Rojewo (2);4 718;4 502;0;0
0407092;Złotniki Kujawskie (2);9 145;8 932;0;0
0408000;Powiat lipnowski;65 750;63 889;0;0
0408011;Lipno (1);14 371;13 769;0;0
0408022;Bobrowniki (2);3 086;3 027;0;0
0408032;Chrostkowo (2);2 870;2 842;0;0
0408043;Dobrzyń nad Wisłą (3);7 584;7 373;0;0
0408044;Dobrzyń nad Wisłą - miasto (4);2 117;2 053;0;0
0408045;Dobrzyń nad Wisłą - obszar wiejski (5);5 467;5 320;0;0
0408052;Kikół (2);7 102;6 770;0;0
0408062;Lipno (2);11 870;11 604;0;0
0408073;Skępe (3);7 528;7 222;0;0
0408074;Skępe - miasto (4);3 590;3 491;0;0
0408075;Skępe - obszar wiejski (5);3 938;3 731;0;0
0408082;Tłuchowo (2);4 648;4 494;0;0
0408092;Wielgie (2);6 691;6 788;0;0
0409000;Powiat mogileński;45 619;44 452;0;0
0409012;Dąbrowa (2);4 600;4 438;0;0
0409022;Jeziora Wielkie (2);4 860;4 663;0;0
0409033;Mogilno (3);24 574;24 232;0;0
0409034;Mogilno - miasto (4);11 786;11 500;0;0
0409035;Mogilno - obszar wiejski (5);12 788;12 732;0;0
0409043;Strzelno (3);11 585;11 119;0;0
0409044;Strzelno - miasto (4);5 611;5 401;0;0
0409045;Strzelno - obszar wiejski (5);5 974;5 718;0;0
0410000;Powiat nakielski;86 311;83 894;0;0
0410013;Kcynia (3);13 361;12 545;0;0
0410014;Kcynia - miasto (4);4 617;4 386;0;0
0410015;Kcynia - obszar wiejski (5);8 744;8 159;0;0
0410023;Mrocza (3);9 233;8 947;0;0
0410024;Mrocza - miasto (4);4 332;4 179;0;0
0410025;Mrocza - obszar wiejski (5);4 901;4 768;0;0
0410033;Nakło nad Notecią (3);31 668;30 536;0;0
0410034;Nakło nad Notecią - miasto (4);18 189;17 693;0;0
0410035;Nakło nad Notecią - obszar wiejski (5);13 479;12 843;0;0
0410042;Sadki (2);7 252;6 993;0;0
0410053;Szubin (3);24 797;24 873;0;0
0410054;Szubin - miasto (4);9 545;9 552;0;0
0410055;Szubin - obszar wiejski (5);15 252;15 321;0;0
0411000;Powiat radziejowski;40 321;39 082;0;0
0411011;Radziejów (1);5 516;5 288;0;0
0411022;Bytoń (2);3 456;3 434;0;0
0411032;Dobre (2);5 352;5 068;0;0
0411042;Osięciny (2);7 595;7 467;0;0
0411053;Piotrków Kujawski (3);9 234;8 897;0;0
0411054;Piotrków Kujawski - miasto (4);4 426;4 302;0;0
0411055;Piotrków Kujawski - obszar wiejski (5);4 808;4 595;0;0
0411062;Radziejów (2);4 375;4 319;0;0
0411072;Topólka (2);4 793;4 609;0;0
0412000;Powiat rypiński;43 486;42 089;0;0
0412011;Rypin (1);16 130;15 873;0;0
0412022;Brzuze (2);5 287;4 965;0;0
0412032;Rogowo (2);4 765;4 665;0;0
0412042;Rypin (2);7 492;7 292;0;0
0412052;Skrwilno (2);5 845;5 541;0;0
0412062;Wąpielsk (2);3 967;3 753;0;0
0413000;Powiat sępoleński;41 056;39 638;0;0
0413013;Kamień Krajeński (3);6 906;6 701;0;0
0413014;Kamień Krajeński - miasto (4);2 364;2 368;0;0
0413015;Kamień Krajeński - obszar wiejski (5);4 542;4 333;0;0
0413023;Sępólno Krajeńskie (3);15 803;15 277;0;0
0413024;Sępólno Krajeńskie - miasto (4);9 093;8 944;0;0
0413025;Sępólno Krajeńskie - obszar wiejski (5);6 710;6 333;0;0
0413032;Sośno (2);4 983;4 657;0;0
0413043;Więcbork (3);13 364;13 003;0;0
0413044;Więcbork - miasto (4);5 965;5 815;0;0
0413045;Więcbork - obszar wiejski (5);7 399;7 188;0;0
0414000;Powiat świecki;98 952;96 507;0;0
0414012;Bukowiec (2);5 138;4 945;0;0
0414022;Dragacz (2);7 216;6 998;0;0
0414032;Drzycim (2);4 897;4 835;0;0
0414042;Jeżewo (2);8 074;7 820;0;0
0414052;Lniano (2);4 322;4 127;0;0
0414063;Nowe (3);10 183;9 903;0;0
0414064;Nowe - miasto (4);5 787;5 595;0;0
0414065;Nowe - obszar wiejski (5);4 396;4 308;0;0
0414072;Osie (2);5 496;5 503;0;0
0414082;Pruszcz (2);9 562;9 365;0;0
0414093;Świecie (3);33 949;33 297;0;0
0414094;Świecie - miasto (4);25 634;24 880;0;0
0414095;Świecie - obszar wiejski (5);8 315;8 417;0;0
0414102;Świekatowo (2);3 622;3 498;0;0
0414112;Warlubie (2);6 493;6 216;0;0
0415000;Powiat toruński;108 345;111 396;0;0
0415011;Chełmża (1);14 449;14 085;0;0
0415022;Chełmża (2);9 826;9 616;0;0
0415032;Czernikowo (2);9 064;8 986;0;0
0415042;Lubicz (2);20 181;20 931;0;0
0415052;Łubianka (2);7 293;7 596;0;0
0415062;Łysomice (2);10 155;10 581;0;0
0415072;Obrowo (2);17 753;19 096;0;0
0415082;Wielka Nieszawka (2);5 238;5 075;0;0
0415092;Zławieś Wielka (2);14 386;15 430;0;0
0416000;Powiat tucholski;48 383;47 453;0;0
0416012;Cekcyn (2);6 870;6 752;0;0
0416022;Gostycyn (2);5 196;5 007;0;0
0416032;Kęsowo (2);4 493;4 229;0;0
0416042;Lubiewo (2);5 981;5 850;0;0
0416052;Śliwice (2);5 592;5 564;0;0
0416063;Tuchola (3);20 251;20 051;0;0
0416064;Tuchola - miasto (4);13 649;13 437;0;0
0416065;Tuchola - obszar wiejski (5);6 602;6 614;0;0
0417000;Powiat wąbrzeski;34 194;33 220;0;0
0417011;Wąbrzeźno (1);13 518;13 344;0;0
0417022;Dębowa Łąka (2);3 165;2 982;0;0
0417032;Książki (2);4 149;3 895;0;0
0417042;Płużnica (2);4 775;4 613;0;0
0417052;Ryńsk (2);8 587;8 386;0;0
0418000;Powiat włocławski;86 037;83 581;0;0
0418011;Kowal (1);3 505;3 391;0;0
0418022;Baruchowo (2);3 436;3 354;0;0
0418032;Boniewo (2);3 366;3 237;0;0
0418043;Brześć Kujawski (3);11 442;11 076;0;0
0418044;Brześć Kujawski - miasto (4);4 596;4 562;0;0
0418045;Brześć Kujawski - obszar wiejski (5);6 846;6 514;0;0
0418052;Choceń (2);7 977;7 805;0;0
0418063;Chodecz (3);5 996;5 673;0;0
0418064;Chodecz - miasto (4);1 852;1 351;0;0
0418065;Chodecz - obszar wiejski (5);4 144;4 322;0;0
0418072;Fabianki (2);10 107;10 058;0;0
0418083;Izbica Kujawska (3);7 657;7 368;0;0
0418084;Izbica Kujawska - miasto (4);2 596;2 529;0;0
0418085;Izbica Kujawska - obszar wiejski (5);5 061;4 839;0;0
0418092;Kowal (2);3 918;3 899;0;0
0418102;Lubanie (2);4 562;4 433;0;0
0418113;Lubień Kujawski (3);7 325;6 995;0;0
0418114;Lubień Kujawski - miasto (4);1 394;1 375;0;0
0418115;Lubień Kujawski - obszar wiejski (5);5 931;5 620;0;0
0418123;Lubraniec (3);9 437;8 988;0;0
0418124;Lubraniec - miasto (4);3 012;2 847;0;0
0418125;Lubraniec - obszar wiejski (5);6 425;6 141;0;0
0418132;Włocławek (2);7 309;7 304;0;0
0419000;Powiat żniński;70 190;68 626;0;0
0419013;Barcin (3);14 751;14 403;0;0
0419014;Barcin - miasto (4);7 381;7 198;0;0
0419015;Barcin - obszar wiejski (5);7 370;7 205;0;0
0419022;Gąsawa (2);5 304;5 023;0;0
0419033;Janowiec Wielkopolski (3);9 008;8 666;0;0
0419034;Janowiec Wielkopolski - miasto (4);3 935;3 852;0;0
0419035;Janowiec Wielkopolski - obszar wiejski (5);5 073;4 814;0;0
0419043;Łabiszyn (3);10 219;10 428;0;0
0419044;Łabiszyn - miasto (4);4 469;4 497;0;0
0419045;Łabiszyn - obszar wiejski (5);5 750;5 931;0;0
0419052;Rogowo (2);6 828;6 699;0;0
0419063;Żnin (3);24 080;23 407;0;0
0419064;Żnin - miasto (4);13 793;13 592;0;0
0419065;Żnin - obszar wiejski (5);10 287;9 815;0;0
0461000;Powiat m. Bydgoszcz;0;0;348 190;339 068
0461011;Bydgoszcz (1);0;0;348 190;339 068
0462000;Powiat m. Grudziądz;0;0;94 368;91 289
0462011;Grudziądz (1);0;0;94 368;91 289
0463000;Powiat m. Toruń;0;0;201 447;198 801
0463011;Toruń (1);0;0;201 447;198 801
0464000;Powiat m. Włocławek;0;0;109 883;105 180
0464011;Włocławek (1);0;0;109 883;105 180
0600000;LUBELSKIE;1 585 947;1 546 176;522 323;510 732
0601000;Powiat bialski;110 772;107 031;0;0
0601011;Międzyrzec Podlaski (1);16 753;15 883;0;0
0601021;Terespol (1);5 560;5 319;0;0
0601032;Biała Podlaska (2);14 423;15 000;0;0
0601042;Drelów (2);5 367;5 134;0;0
0601052;Janów Podlaski (2);5 285;5 036;0;0
0601062;Kodeń (2);3 524;3 355;0;0
0601072;Konstantynów (2);4 110;3 920;0;0
0601082;Leśna Podlaska (2);4 287;4 067;0;0
0601092;Łomazy (2);4 906;4 714;0;0
0601102;Międzyrzec Podlaski (2);10 467;10 287;0;0
0601112;Piszczac (2);7 188;6 865;0;0
0601122;Rokitno (2);2 972;2 821;0;0
0601132;Rossosz (2);2 193;2 136;0;0
0601142;Sławatycze (2);2 293;2 296;0;0
0601152;Sosnówka (2);2 409;2 258;0;0
0601162;Terespol (2);6 700;6 220;0;0
0601172;Tuczna (2);3 004;2 891;0;0
0601182;Wisznice (2);4 926;4 628;0;0
0601192;Zalesie (2);4 405;4 201;0;0
0602000;Powiat biłgorajski;100 919;98 832;0;0
0602011;Biłgoraj (1);26 329;25 539;0;0
0602022;Aleksandrów (2);3 281;3 228;0;0
0602032;Biłgoraj (2);13 355;13 663;0;0
0602042;Biszcza (2);3 764;3 765;0;0
0602053;Frampol (3);6 095;5 834;0;0
0602054;Frampol - miasto (4);1 440;1 363;0;0
0602055;Frampol - obszar wiejski (5);4 655;4 471;0;0
0602062;Goraj (2);4 097;3 984;0;0
0602073;Józefów (3);6 733;6 562;0;0
0602074;Józefów - miasto (4);2 474;2 397;0;0
0602075;Józefów - obszar wiejski (5);4 259;4 165;0;0
0602082;Księżpol (2);6 888;6 807;0;0
0602092;Łukowa (2);4 231;4 063;0;0
0602102;Obsza (2);4 233;4 113;0;0
0602112;Potok Górny (2);5 351;5 209;0;0
0602123;Tarnogród (3);6 655;6 369;0;0
0602124;Tarnogród - miasto (4);3 308;3 220;0;0
0602125;Tarnogród - obszar wiejski (5);3 347;3 149;0;0
0602132;Tereszpol (2);3 878;3 886;0;0
0602142;Turobin (2);6 029;5 810;0;0
0603000;Powiat chełmski;78 014;75 463;0;0
0603011;Rejowiec Fabryczny (1);4 386;4 120;0;0
0603022;Białopole (2);2 886;2 884;0;0
0603032;Chełm (2);15 023;14 930;0;0
0603042;Dorohusk (2);6 387;6 055;0;0
0603052;Dubienka (2);2 315;2 167;0;0
0603062;Kamień (2);4 167;4 134;0;0
0603072;Leśniowice (2);3 583;3 423;0;0
0603082;Rejowiec Fabryczny (2);4 227;4 133;0;0
0603092;Ruda-Huta (2);4 502;4 255;0;0
0603102;Sawin (2);5 470;5 365;0;0
0603113;Siedliszcze (3);6 836;6 581;0;0
0603114;Siedliszcze - miasto (4);1 431;1 368;0;0
0603115;Siedliszcze - obszar wiejski (5);5 405;5 213;0;0
0603122;Wierzbica (2);5 060;4 838;0;0
0603132;Wojsławice (2);3 745;3 563;0;0
0603142;Żmudź (2);3 055;2 886;0;0
0603153;Rejowiec (3);6 372;6 129;0;0
0603154;Rejowiec - miasto (4);2 068;1 996;0;0
0603155;Rejowiec - obszar wiejski (5);4 304;4 133;0;0
0604000;Powiat hrubieszowski;62 847;59 651;0;0
0604011;Hrubieszów (1);17 528;16 902;0;0
0604022;Dołhobyczów (2);5 353;4 923;0;0
0604032;Horodło (2);5 102;4 977;0;0
0604042;Hrubieszów (2);9 980;9 500;0;0
0604052;Mircze (2);7 007;6 474;0;0
0604062;Trzeszczany (2);4 091;3 896;0;0
0604072;Uchanie (2);4 514;4 267;0;0
0604082;Werbkowice (2);9 272;8 712;0;0
0605000;Powiat janowski;45 709;44 159;0;0
0605012;Batorz (2);3 264;3 134;0;0
0605022;Chrzanów (2);2 921;2 780;0;0
0605032;Dzwola (2);6 241;6 078;0;0
0605042;Godziszów (2);5 801;5 618;0;0
0605053;Janów Lubelski (3);15 874;15 160;0;0
0605054;Janów Lubelski - miasto (4);11 879;11 349;0;0
0605055;Janów Lubelski - obszar wiejski (5);3 995;3 811;0;0
0605063;Modliborzyce (3);6 957;6 851;0;0
0605064;Modliborzyce - miasto (4);1 459;1 417;0;0
0605065;Modliborzyce - obszar wiejski (5);5 498;5 434;0;0
0605072;Potok Wielki (2);4 651;4 538;0;0
0606000;Powiat krasnostawski;63 258;61 228;0;0
0606011;Krasnystaw (1);18 630;17 914;0;0
0606022;Fajsławice (2);4 570;4 532;0;0
0606032;Gorzków (2);3 429;3 371;0;0
0606042;Izbica (2);8 124;7 899;0;0
0606052;Krasnystaw (2);8 529;8 369;0;0
0606062;Kraśniczyn (2);3 639;3 590;0;0
0606072;Łopiennik Górny (2);3 893;3 672;0;0
0606092;Rudnik (2);3 009;2 839;0;0
0606102;Siennica Różana (2);4 110;3 933;0;0
0606112;Żółkiewka (2);5 325;5 109;0;0
0607000;Powiat kraśnicki;95 348;92 147;0;0
0607011;Kraśnik (1);34 230;32 719;0;0
0607023;Annopol (3);8 596;8 254;0;0
0607024;Annopol - miasto (4);2 488;2 396;0;0
0607025;Annopol - obszar wiejski (5);6 108;5 858;0;0
0607032;Dzierzkowice (2);5 274;5 271;0;0
0607042;Gościeradów (2);7 209;7 016;0;0
0607052;Kraśnik (2);7 323;7 129;0;0
0607062;Szastarka (2);5 758;5 623;0;0
0607072;Trzydnik Duży (2);6 406;6 191;0;0
0607083;Urzędów (3);8 582;8 313;0;0
0607084;Urzędów - miasto (4);1 694;1 705;0;0
0607085;Urzędów - obszar wiejski (5);6 888;6 608;0;0
0607092;Wilkołaz (2);5 527;5 384;0;0
0607102;Zakrzówek (2);6 443;6 247;0;0
0608000;Powiat lubartowski;88 352;85 950;0;0
0608011;Lubartów (1);21 828;20 573;0;0
0608022;Abramów (2);4 039;3 919;0;0
0608032;Firlej (2);5 885;5 796;0;0
0608042;Jeziorzany (2);2 773;2 587;0;0
0608052;Kamionka (2);6 485;6 498;0;0
0608063;Kock (3);6 349;5 917;0;0
0608064;Kock - miasto (4);3 273;2 984;0;0
0608065;Kock - obszar wiejski (5);3 076;2 933;0;0
0608072;Lubartów (2);11 812;11 995;0;0
0608082;Michów (2);5 849;5 672;0;0
0608092;Niedźwiada (2);6 183;6 219;0;0
0608103;Ostrów Lubelski (3);5 244;5 099;0;0
0608104;Ostrów Lubelski - miasto (4);2 110;2 039;0;0
0608105;Ostrów Lubelski - obszar wiejski (5);3 134;3 060;0;0
0608112;Ostrówek (2);3 829;3 776;0;0
0608122;Serniki (2);4 914;4 840;0;0
0608132;Uścimów (2);3 162;3 059;0;0
0609000;Powiat lubelski;155 566;161 433;0;0
0609013;Bełżyce (3);13 256;12 911;0;0
0609014;Bełżyce - miasto (4);6 477;6 179;0;0
0609015;Bełżyce - obszar wiejski (5);6 779;6 732;0;0
0609022;Borzechów (2);3 760;3 790;0;0
0609033;Bychawa (3);11 595;11 210;0;0
0609034;Bychawa - miasto (4);4 855;4 698;0;0
0609035;Bychawa - obszar wiejski (5);6 740;6 512;0;0
0609042;Garbów (2);9 064;9 033;0;0
0609052;Głusk (2);11 557;13 551;0;0
0609062;Jabłonna (2);8 054;8 255;0;0
0609072;Jastków (2);14 185;15 054;0;0
0609082;Konopnica (2);14 083;15 486;0;0
0609092;Krzczonów (2);4 369;4 237;0;0
0609102;Niedrzwica Duża (2);11 917;11 864;0;0
0609112;Niemce (2);19 814;21 115;0;0
0609122;Strzyżewice (2);8 110;8 099;0;0
0609132;Wojciechów (2);5 974;6 026;0;0
0609142;Wólka (2);12 547;13 762;0;0
0609152;Wysokie (2);4 392;4 269;0;0
0609162;Zakrzew (2);2 889;2 771;0;0
0610000;Powiat łęczyński;57 331;56 442;0;0
0610012;Cyców (2);7 912;7 773;0;0
0610022;Ludwin (2);5 641;5 593;0;0
0610033;Łęczna (3);23 244;22 840;0;0
0610034;Łęczna - miasto (4);18 820;18 307;0;0
0610035;Łęczna - obszar wiejski (5);4 424;4 533;0;0
0610042;Milejów (2);9 085;8 769;0;0
0610052;Puchaczów (2);5 693;5 552;0;0
0610062;Spiczyn (2);5 756;5 915;0;0
0611000;Powiat łukowski;106 816;102 781;0;0
0611011;Łuków (1);29 728;27 988;0;0
0611021;Stoczek Łukowski (1);2 500;2 438;0;0
0611032;Adamów (2);5 594;5 243;0;0
0611042;Krzywda (2);10 451;9 962;0;0
0611052;Łuków (2);18 230;18 271;0;0
0611062;Serokomla (2);3 940;3 774;0;0
0611072;Stanin (2);9 729;9 355;0;0
0611082;Stoczek Łukowski (2);7 793;7 424;0;0
0611092;Trzebieszów (2);7 352;7 182;0;0
0611102;Wojcieszków (2);6 850;6 633;0;0
0611112;Wola Mysłowska (2);4 649;4 511;0;0
0612000;Powiat opolski;59 208;57 375;0;0
0612012;Chodel (2);6 565;6 450;0;0
0612023;Józefów nad Wisłą (3);6 515;6 277;0;0
0612024;Józefów nad Wisłą - miasto (4);920;841;0;0
0612025;Józefów nad Wisłą - obszar wiejski (5);5 595;5 436;0;0
0612032;Karczmiska (2);5 570;5 419;0;0
0612042;Łaziska (2);4 896;4 665;0;0
0612053;Opole Lubelskie (3);17 108;16 692;0;0
0612054;Opole Lubelskie - miasto (4);8 388;8 178;0;0
0612055;Opole Lubelskie - obszar wiejski (5);8 720;8 514;0;0
0612063;Poniatowa (3);14 149;13 569;0;0
0612064;Poniatowa - miasto (4);9 083;8 562;0;0
0612065;Poniatowa - obszar wiejski (5);5 066;5 007;0;0
0612072;Wilków (2);4 405;4 303;0;0
0613000;Powiat parczewski;34 711;33 491;0;0
0613012;Dębowa Kłoda (2);3 920;3 719;0;0
0613022;Jabłoń (2);3 874;3 641;0;0
0613032;Milanów (2);3 762;3 577;0;0
0613043;Parczew (3);14 445;14 209;0;0
0613044;Parczew - miasto (4);10 648;10 555;0;0
0613045;Parczew - obszar wiejski (5);3 797;3 654;0;0
0613052;Podedwórze (2);1 615;1 571;0;0
0613062;Siemień (2);4 516;4 378;0;0
0613072;Sosnowica (2);2 579;2 396;0;0
0614000;Powiat puławski;113 173;109 913;0;0
0614011;Puławy (1);47 417;45 411;0;0
0614022;Baranów (2);3 886;3 694;0;0
0614032;Janowiec (2);3 668;3 660;0;0
0614043;Kazimierz Dolny (3);6 639;6 431;0;0
0614044;Kazimierz Dolny - miasto (4);2 530;3 253;0;0
0614045;Kazimierz Dolny - obszar wiejski (5);4 109;3 178;0;0
0614052;Końskowola (2);8 813;8 610;0;0
0614062;Kurów (2);7 649;7 466;0;0
0614072;Markuszów (2);2 965;2 934;0;0
0614083;Nałęczów (3);8 962;8 777;0;0
0614084;Nałęczów - miasto (4);3 753;3 698;0;0
0614085;Nałęczów - obszar wiejski (5);5 209;5 079;0;0
0614092;Puławy (2);12 126;12 225;0;0
0614102;Wąwolnica (2);4 621;4 447;0;0
0614112;Żyrzyn (2);6 427;6 258;0;0
0615000;Powiat radzyński;58 858;56 597;0;0
0615011;Radzyń Podlaski (1);15 656;14 868;0;0
0615022;Borki (2);6 003;5 870;0;0
0615032;Czemierniki (2);4 310;4 128;0;0
0615042;Kąkolewnica (2);8 024;7 759;0;0
0615052;Komarówka Podlaska (2);4 185;3 992;0;0
0615062;Radzyń Podlaski (2);8 072;7 951;0;0
0615072;Ulan-Majorat (2);6 000;5 666;0;0
0615082;Wohyń (2);6 608;6 363;0;0
0616000;Powiat rycki;55 988;53 152;0;0
0616011;Dęblin (1);16 058;14 884;0;0
0616022;Kłoczew (2);7 142;6 935;0;0
0616032;Nowodwór (2);4 072;3 949;0;0
0616043;Ryki (3);20 386;19 552;0;0
0616044;Ryki - miasto (4);9 634;9 228;0;0
0616045;Ryki - obszar wiejski (5);10 752;10 324;0;0
0616052;Stężyca (2);5 140;4 910;0;0
0616062;Ułęż (2);3 190;2 922;0;0
0617000;Powiat świdnicki;71 840;70 777;0;0
0617011;Świdnik (1);39 136;37 990;0;0
0617022;Mełgiew (2);9 928;10 459;0;0
0617033;Piaski (3);10 530;10 352;0;0
0617034;Piaski - miasto (4);2 573;2 481;0;0
0617035;Piaski - obszar wiejski (5);7 957;7 871;0;0
0617042;Rybczewice (2);3 362;3 296;0;0
0617052;Trawniki (2);8 884;8 680;0;0
0618000;Powiat tomaszowski;82 762;79 909;0;0
0618011;Tomaszów Lubelski (1);19 035;18 679;0;0
0618022;Bełżec (2);3 315;3 230;0;0
0618032;Jarczów (2);3 371;3 243;0;0
0618042;Krynice (2);3 217;3 107;0;0
0618053;Lubycza Królewska (3);6 169;5 792;0;0
0618054;Lubycza Królewska - miasto (4);2 440;2 202;0;0
0618055;Lubycza Królewska - obszar wiejski (5);3 729;3 590;0;0
0618063;Łaszczów (3);5 973;5 678;0;0
0618064;Łaszczów - miasto (4);2 128;2 022;0;0
0618065;Łaszczów - obszar wiejski (5);3 845;3 656;0;0
0618072;Rachanie (2);5 068;4 808;0;0
0618082;Susiec (2);7 432;7 188;0;0
0618092;Tarnawatka (2);3 894;3 834;0;0
0618102;Telatyn (2);3 901;3 708;0;0
0618112;Tomaszów Lubelski (2);11 358;11 075;0;0
0618123;Tyszowce (3);5 509;5 344;0;0
0618124;Tyszowce - miasto (4);2 091;1 941;0;0
0618125;Tyszowce - obszar wiejski (5);3 418;3 403;0;0
0618132;Ulhówek (2);4 520;4 223;0;0
0619000;Powiat włodawski;38 353;36 662;0;0
0619011;Włodawa (1);13 066;12 534;0;0
0619022;Hanna (2);2 844;2 638;0;0
0619032;Hańsk (2);3 697;3 559;0;0
0619042;Stary Brus (2);2 097;1 933;0;0
0619052;Urszulin (2);4 146;4 150;0;0
0619062;Włodawa (2);6 089;5 779;0;0
0619072;Wola Uhruska (2);3 848;3 705;0;0
0619082;Wyryki (2);2 566;2 364;0;0
0620000;Powiat zamojski;106 122;103 183;0;0
0620012;Adamów (2);4 646;4 531;0;0
0620022;Grabowiec (2);3 949;3 733;0;0
0620032;Komarów-Osada (2);4 939;4 637;0;0
0620043;Krasnobród (3);7 097;6 836;0;0
0620044;Krasnobród - miasto (4);3 101;3 020;0;0
0620045;Krasnobród - obszar wiejski (5);3 996;3 816;0;0
0620052;Łabunie (2);6 235;6 030;0;0
0620062;Miączyn (2);5 726;5 333;0;0
0620072;Nielisz (2);5 427;5 257;0;0
0620082;Radecznica (2);5 644;5 264;0;0
0620092;Sitno (2);6 708;6 594;0;0
0620102;Skierbieszów (2);5 121;4 880;0;0
0620112;Stary Zamość (2);5 163;4 989;0;0
0620122;Sułów (2);4 479;4 261;0;0
0620133;Szczebrzeszyn (3);11 139;10 892;0;0
0620134;Szczebrzeszyn - miasto (4);4 964;4 866;0;0
0620135;Szczebrzeszyn - obszar wiejski (5);6 175;6 026;0;0
0620142;Zamość (2);23 155;23 588;0;0
0620153;Zwierzyniec (3);6 694;6 358;0;0
0620154;Zwierzyniec - miasto (4);3 165;2 925;0;0
0620155;Zwierzyniec - obszar wiejski (5);3 529;3 433;0;0
0661000;Powiat m. Biała Podlaska;0;0;57 170;55 532
0661011;Biała Podlaska (1);0;0;57 170;55 532
0662000;Powiat m. Chełm;0;0;61 932;59 711
0662011;Chełm (1);0;0;61 932;59 711
0663000;Powiat m. Lublin;0;0;339 784;335 114
0663011;Lublin (1);0;0;339 784;335 114
0664000;Powiat m. Zamość;0;0;63 437;60 375
0664011;Zamość (1);0;0;63 437;60 375
0800000;LUBUSKIE;746 761;732 655;264 831;260 674
0801000;Powiat gorzowski;71 836;72 472;0;0
0801011;Kostrzyn nad Odrą (1);17 730;17 930;0;0
0801022;Bogdaniec (2);7 104;7 087;0;0
0801032;Deszczno (2);9 942;10 215;0;0
0801042;Kłodawa (2);8 677;8 871;0;0
0801052;Lubiszyn (2);6 878;6 970;0;0
0801062;Santok (2);8 636;9 086;0;0
0801073;Witnica (3);12 869;12 313;0;0
0801074;Witnica - miasto (4);6 731;6 530;0;0
0801075;Witnica - obszar wiejski (5);6 138;5 783;0;0
0802000;Powiat krośnieński;54 829;53 918;0;0
0802011;Gubin (1);16 614;16 159;0;0
0802022;Bobrowice (2);3 178;3 127;0;0
0802032;Bytnica (2);2 507;2 360;0;0
0802042;Dąbie (2);4 923;4 946;0;0
0802052;Gubin (2);7 138;7 167;0;0
0802063;Krosno Odrzańskie (3);17 670;17 391;0;0
0802064;Krosno Odrzańskie - miasto (4);11 238;10 945;0;0
0802065;Krosno Odrzańskie - obszar wiejski (5);6 432;6 446;0;0
0802072;Maszewo (2);2 799;2 768;0;0
0803000;Powiat międzyrzecki;57 565;56 213;0;0
0803012;Bledzew (2);4 344;4 073;0;0
0803023;Międzyrzecz (3);24 815;24 271;0;0
0803024;Międzyrzecz - miasto (4);17 839;17 463;0;0
0803025;Międzyrzecz - obszar wiejski (5);6 976;6 808;0;0
0803032;Przytoczna (2);5 627;5 441;0;0
0803042;Pszczew (2);4 269;4 249;0;0
0803053;Skwierzyna (3);12 103;11 836;0;0
0803054;Skwierzyna - miasto (4);9 593;9 318;0;0
0803055;Skwierzyna - obszar wiejski (5);2 510;2 518;0;0
0803063;Trzciel (3);6 407;6 343;0;0
0803064;Trzciel - miasto (4);2 358;2 285;0;0
0803065;Trzciel - obszar wiejski (5);4 049;4 058;0;0
0804000;Powiat nowosolski;86 156;83 601;0;0
0804011;Nowa Sól (1);38 645;36 976;0;0
0804023;Bytom Odrzański (3);5 426;5 168;0;0
0804024;Bytom Odrzański - miasto (4);4 308;4 062;0;0
0804025;Bytom Odrzański - obszar wiejski (5);1 118;1 106;0;0
0804032;Kolsko (2);3 311;3 292;0;0
0804043;Kożuchów (3);15 881;15 541;0;0
0804044;Kożuchów - miasto (4);9 356;9 161;0;0
0804045;Kożuchów - obszar wiejski (5);6 525;6 380;0;0
0804052;Nowa Sól (2);6 943;7 143;0;0
0804063;Nowe Miasteczko (3);5 358;5 162;0;0
0804064;Nowe Miasteczko - miasto (4);2 757;2 706;0;0
0804065;Nowe Miasteczko - obszar wiejski (5);2 601;2 456;0;0
0804073;Otyń (3);7 012;6 955;0;0
0804074;Otyń - miasto (4);1 637;1 656;0;0
0804075;Otyń - obszar wiejski (5);5 375;5 299;0;0
0804082;Siedlisko (2);3 580;3 364;0;0
0805000;Powiat słubicki;46 929;46 429;0;0
0805013;Cybinka (3);6 469;6 388;0;0
0805014;Cybinka - miasto (4);2 751;2 746;0;0
0805015;Cybinka - obszar wiejski (5);3 718;3 642;0;0
0805022;Górzyca (2);4 299;4 142;0;0
0805033;Ośno Lubuskie (3);6 376;6 244;0;0
0805034;Ośno Lubuskie - miasto (4);3 915;3 883;0;0
0805035;Ośno Lubuskie - obszar wiejski (5);2 461;2 361;0;0
0805043;Rzepin (3);9 714;9 527;0;0
0805044;Rzepin - miasto (4);6 505;6 495;0;0
0805045;Rzepin - obszar wiejski (5);3 209;3 032;0;0
0805053;Słubice (3);20 071;20 128;0;0
0805054;Słubice - miasto (4);16 644;16 556;0;0
0805055;Słubice - obszar wiejski (5);3 427;3 572;0;0
0806000;Powiat strzelecko-drezdenecki;49 009;47 891;0;0
0806013;Dobiegniew (3);6 536;6 350;0;0
0806014;Dobiegniew - miasto (4);3 071;3 051;0;0
0806015;Dobiegniew - obszar wiejski (5);3 465;3 299;0;0
0806023;Drezdenko (3);17 100;16 772;0;0
0806024;Drezdenko - miasto (4);10 074;9 850;0;0
0806025;Drezdenko - obszar wiejski (5);7 026;6 922;0;0
0806032;Stare Kurowo (2);4 062;3 963;0;0
0806043;Strzelce Krajeńskie (3);16 993;16 588;0;0
0806044;Strzelce Krajeńskie - miasto (4);9 916;9 949;0;0
0806045;Strzelce Krajeńskie - obszar wiejski (5);7 077;6 639;0;0
0806052;Zwierzyn (2);4 318;4 218;0;0
0807000;Powiat sulęciński;35 193;34 392;0;0
0807012;Krzeszyce (2);4 729;4 594;0;0
0807023;Lubniewice (3);3 158;3 060;0;0
0807024;Lubniewice - miasto (4);2 082;2 020;0;0
0807025;Lubniewice - obszar wiejski (5);1 076;1 040;0;0
0807032;Słońsk (2);4 733;4 761;0;0
0807043;Sulęcin (3);15 745;15 518;0;0
0807044;Sulęcin - miasto (4);10 096;10 011;0;0
0807045;Sulęcin - obszar wiejski (5);5 649;5 507;0;0
0807053;Torzym (3);6 828;6 459;0;0
0807054;Torzym - miasto (4);2 541;2 469;0;0
0807055;Torzym - obszar wiejski (5);4 287;3 990;0;0
0808000;Powiat świebodziński;55 790;54 943;0;0
0808012;Lubrza (2);3 567;3 585;0;0
0808022;Łagów (2);4 947;4 857;0;0
0808032;Skąpe (2);5 103;5 138;0;0
0808042;Szczaniec (2);3 836;3 736;0;0
0808053;Świebodzin (3);29 984;29 541;0;0
0808054;Świebodzin - miasto (4);21 685;21 463;0;0
0808055;Świebodzin - obszar wiejski (5);8 299;8 078;0;0
0808063;Zbąszynek (3);8 353;8 086;0;0
0808064;Zbąszynek - miasto (4);5 032;4 934;0;0
0808065;Zbąszynek - obszar wiejski (5);3 321;3 152;0;0
0809000;Powiat zielonogórski;75 559;75 145;0;0
0809013;Babimost (3);6 226;6 117;0;0
0809014;Babimost - miasto (4);3 923;3 883;0;0
0809015;Babimost - obszar wiejski (5);2 303;2 234;0;0
0809022;Bojadła (2);3 277;3 237;0;0
0809033;Czerwieńsk (3);9 979;10 044;0;0
0809034;Czerwieńsk - miasto (4);3 988;3 921;0;0
0809035;Czerwieńsk - obszar wiejski (5);5 991;6 123;0;0
0809043;Kargowa (3);5 821;5 946;0;0
0809044;Kargowa - miasto (4);3 768;3 836;0;0
0809045;Kargowa - obszar wiejski (5);2 053;2 110;0;0
0809053;Nowogród Bobrzański (3);9 441;9 142;0;0
0809054;Nowogród Bobrzański - miasto (4);5 134;4 870;0;0
0809055;Nowogród Bobrzański - obszar wiejski (5);4 307;4 272;0;0
0809063;Sulechów (3);26 521;26 128;0;0
0809064;Sulechów - miasto (4);16 750;16 126;0;0
0809065;Sulechów - obszar wiejski (5);9 771;10 002;0;0
0809072;Świdnica (2);6 602;6 780;0;0
0809082;Trzebiechów (2);3 371;3 235;0;0
0809092;Zabór (2);4 321;4 516;0;0
0810000;Powiat żagański;78 953;76 022;0;0
0810011;Gozdnica (1);3 000;2 863;0;0
0810021;Żagań (1);25 668;24 489;0;0
0810032;Brzeźnica (2);3 733;3 573;0;0
0810043;Iłowa (3);6 842;6 540;0;0
0810044;Iłowa - miasto (4);3 874;3 723;0;0
0810045;Iłowa - obszar wiejski (5);2 968;2 817;0;0
0810053;Małomice (3);5 174;5 197;0;0
0810054;Małomice - miasto (4);3 458;3 469;0;0
0810055;Małomice - obszar wiejski (5);1 716;1 728;0;0
0810062;Niegosławice (2);4 357;4 292;0;0
0810073;Szprotawa (3);20 610;19 771;0;0
0810074;Szprotawa - miasto (4);11 711;11 115;0;0
0810075;Szprotawa - obszar wiejski (5);8 899;8 656;0;0
0810082;Wymiarki (2);2 263;2 164;0;0
0810092;Żagań (2);7 306;7 133;0;0
0811000;Powiat żarski;96 111;93 662;0;0
0811011;Łęknica (1);2 459;2 324;0;0
0811021;Żary (1);37 304;36 159;0;0
0811032;Brody (2);3 404;3 253;0;0
0811043;Jasień (3);6 991;6 875;0;0
0811044;Jasień - miasto (4);4 262;4 177;0;0
0811045;Jasień - obszar wiejski (5);2 729;2 698;0;0
0811052;Lipinki Łużyckie (2);3 375;3 287;0;0
0811063;Lubsko (3);18 404;17 783;0;0
0811064;Lubsko - miasto (4);13 876;13 300;0;0
0811065;Lubsko - obszar wiejski (5);4 528;4 483;0;0
0811072;Przewóz (2);3 132;3 060;0;0
0811082;Trzebiel (2);5 668;5 568;0;0
0811092;Tuplice (2);3 042;2 987;0;0
0811102;Żary (2);12 332;12 366;0;0
0812000;Powiat wschowski;38 831;37 967;0;0
0812013;Sława (3);12 682;12 556;0;0
0812014;Sława - miasto (4);4 290;4 177;0;0
0812015;Sława - obszar wiejski (5);8 392;8 379;0;0
0812023;Szlichtyngowa (3);5 015;4 859;0;0
0812024;Szlichtyngowa - miasto (4);1 274;1 255;0;0
0812025;Szlichtyngowa - obszar wiejski (5);3 741;3 604;0;0
0812033;Wschowa (3);21 134;20 552;0;0
0812034;Wschowa - miasto (4);13 851;13 554;0;0
0812035;Wschowa - obszar wiejski (5);7 283;6 998;0;0
0861000;Powiat m. Gorzów Wielkopolski;0;0;123 609;120 526
0861011;Gorzów Wielkopolski (1);0;0;123 609;120 526
0862000;Powiat m. Zielona Góra;0;0;141 222;140 148
0862011;Zielona Góra (1);0;0;141 222;140 148
1000000;ŁÓDZKIE;1 653 659;1 626 991;801 120;788 825
1001000;Powiat bełchatowski;112 779;110 229;0;0
1001011;Bełchatów (1);56 973;54 547;0;0
1001022;Bełchatów (2);11 572;12 339;0;0
1001032;Drużbice (2);5 237;5 247;0;0
1001042;Kleszczów (2);6 335;6 066;0;0
1001052;Kluki (2);4 372;4 350;0;0
1001062;Rusiec (2);5 080;4 931;0;0
1001072;Szczerców (2);8 255;8 182;0;0
1001083;Zelów (3);14 955;14 567;0;0
1001084;Zelów - miasto (4);7 541;7 318;0;0
1001085;Zelów - obszar wiejski (5);7 414;7 249;0;0
1002000;Powiat kutnowski;96 569;93 670;0;0
1002011;Kutno (1);43 911;42 377;0;0
1002022;Bedlno (2);5 349;5 314;0;0
1002032;Dąbrowice (2);1 902;1 830;0;0
1002043;Krośniewice (3);8 343;8 022;0;0
1002044;Krośniewice - miasto (4);4 322;4 167;0;0
1002045;Krośniewice - obszar wiejski (5);4 021;3 855;0;0
1002052;Krzyżanów (2);4 231;4 053;0;0
1002062;Kutno (2);8 716;8 869;0;0
1002072;Łanięta (2);2 430;2 272;0;0
1002082;Nowe Ostrowy (2);3 443;3 296;0;0
1002092;Oporów (2);2 495;2 446;0;0
1002102;Strzelce (2);3 913;3 798;0;0
1002113;Żychlin (3);11 836;11 393;0;0
1002114;Żychlin - miasto (4);8 109;7 840;0;0
1002115;Żychlin - obszar wiejski (5);3 727;3 553;0;0
1003000;Powiat łaski;49 918;49 355;0;0
1003012;Buczek (2);5 093;5 051;0;0
1003023;Łask (3);27 654;27 281;0;0
1003024;Łask - miasto (4);17 143;16 623;0;0
1003025;Łask - obszar wiejski (5);10 511;10 658;0;0
1003032;Sędziejowice (2);6 370;6 281;0;0
1003042;Widawa (2);7 315;7 109;0;0
1003052;Wodzierady (2);3 486;3 633;0;0
1004000;Powiat łęczycki;49 747;48 000;0;0
1004011;Łęczyca (1);13 971;13 538;0;0
1004022;Daszyna (2);3 878;3 760;0;0
1004032;Góra Świętej Małgorzaty (2);4 345;4 304;0;0
1004042;Grabów (2);5 892;5 522;0;0
1004052;Łęczyca (2);8 554;8 351;0;0
1004062;Piątek (2);5 982;-;0;-
1004063;Piątek (3);-;5 728;-;0
1004064;Piątek - miasto (4);-;1 643;-;0
1004065;Piątek - obszar wiejski (5);-;4 085;-;0
1004072;Świnice Warckie (2);3 888;3 703;0;0
1004082;Witonia (2);3 237;3 094;0;0
1005000;Powiat łowicki;78 099;75 887;0;0
1005011;Łowicz (1);28 224;27 038;0;0
1005022;Bielawy (2);5 325;5 219;0;0
1005032;Chąśno (2);2 907;2 917;0;0
1005042;Domaniewice (2);4 650;4 549;0;0
1005052;Kiernozia (2);3 366;3 213;0;0
1005062;Kocierzew Południowy (2);4 204;4 146;0;0
1005072;Łowicz (2);7 710;7 647;0;0
1005082;Łyszkowice (2);6 693;6 546;0;0
1005092;Nieborów (2);9 321;9 285;0;0
1005102;Zduny (2);5 699;5 327;0;0
1006000;Powiat łódzki wschodni;72 179;73 688;0;0
1006022;Andrespol (2);14 205;14 391;0;0
1006032;Brójce (2);6 672;7 103;0;0
1006073;Koluszki (3);23 368;23 081;0;0
1006074;Koluszki - miasto (4);12 928;12 403;0;0
1006075;Koluszki - obszar wiejski (5);10 440;10 678;0;0
1006082;Nowosolna (2);5 084;5 439;0;0
1006103;Rzgów (3);10 459;10 991;0;0
1006104;Rzgów - miasto (4);3 371;3 450;0;0
1006105;Rzgów - obszar wiejski (5);7 088;7 541;0;0
1006113;Tuszyn (3);12 391;12 683;0;0
1006114;Tuszyn - miasto (4);7 255;7 225;0;0
1006115;Tuszyn - obszar wiejski (5);5 136;5 458;0;0
1007000;Powiat opoczyński;76 106;73 604;0;0
1007012;Białaczów (2);5 767;5 635;0;0
1007023;Drzewica (3);10 424;10 003;0;0
1007024;Drzewica - miasto (4);3 826;3 629;0;0
1007025;Drzewica - obszar wiejski (5);6 598;6 374;0;0
1007032;Mniszków (2);4 770;4 718;0;0
1007043;Opoczno (3);34 108;32 828;0;0
1007044;Opoczno - miasto (4);21 060;19 876;0;0
1007045;Opoczno - obszar wiejski (5);13 048;12 952;0;0
1007052;Paradyż (2);4 354;4 252;0;0
1007062;Poświętne (2);3 148;2 986;0;0
1007072;Sławno (2);7 627;7 528;0;0
1007082;Żarnów (2);5 908;5 654;0;0
1008000;Powiat pabianicki;119 291;120 073;0;0
1008011;Konstantynów Łódzki (1);18 206;18 921;0;0
1008021;Pabianice (1);64 757;63 163;0;0
1008032;Dłutów (2);4 657;4 861;0;0
1008042;Dobroń (2);7 728;7 989;0;0
1008052;Ksawerów (2);7 668;7 649;0;0
1008062;Lutomiersk (2);8 639;9 179;0;0
1008072;Pabianice (2);7 636;8 311;0;0
1009000;Powiat pajęczański;51 220;49 834;0;0
1009013;Działoszyn (3);12 444;11 915;0;0
1009014;Działoszyn - miasto (4);5 810;5 501;0;0
1009015;Działoszyn - obszar wiejski (5);6 634;6 414;0;0
1009022;Kiełczygłów (2);3 981;3 887;0;0
1009032;Nowa Brzeźnica (2);4 558;4 444;0;0
1009043;Pajęczno (3);11 510;11 448;0;0
1009044;Pajęczno - miasto (4);6 662;6 589;0;0
1009045;Pajęczno - obszar wiejski (5);4 848;4 859;0;0
1009052;Rząśnia (2);4 939;4 865;0;0
1009062;Siemkowice (2);4 773;4 559;0;0
1009072;Strzelce Wielkie (2);4 571;4 290;0;0
1009082;Sulmierzyce (2);4 444;4 426;0;0
1010000;Powiat piotrkowski;91 353;91 036;0;0
1010012;Aleksandrów (2);4 326;4 331;0;0
1010022;Czarnocin (2);4 131;4 116;0;0
1010032;Gorzkowice (2);8 506;8 367;0;0
1010042;Grabica (2);6 053;6 059;0;0
1010052;Łęki Szlacheckie (2);3 452;3 286;0;0
1010062;Moszczenica (2);12 930;12 738;0;0
1010072;Ręczno (2);3 523;3 408;0;0
1010082;Rozprza (2);12 297;12 309;0;0
1010093;Sulejów (3);16 329;16 646;0;0
1010094;Sulejów - miasto (4);6 177;6 059;0;0
1010095;Sulejów - obszar wiejski (5);10 152;10 587;0;0
1010102;Wola Krzysztoporska (2);11 965;11 940;0;0
1010113;Wolbórz (3);7 841;7 836;0;0
1010114;Wolbórz - miasto (4);2 328;2 268;0;0
1010115;Wolbórz - obszar wiejski (5);5 513;5 568;0;0
1011000;Powiat poddębicki;41 108;40 040;0;0
1011012;Dalików (2);3 920;3 963;0;0
1011022;Pęczniew (2);3 478;3 435;0;0
1011033;Poddębice (3);15 505;14 895;0;0
1011034;Poddębice - miasto (4);7 374;7 009;0;0
1011035;Poddębice - obszar wiejski (5);8 131;7 886;0;0
1011043;Uniejów (3);7 010;6 833;0;0
1011044;Uniejów - miasto (4);3 000;2 923;0;0
1011045;Uniejów - obszar wiejski (5);4 010;3 910;0;0
1011052;Wartkowice (2);6 228;6 101;0;0
1011062;Zadzim (2);4 967;4 813;0;0
1012000;Powiat radomszczański;112 644;109 713;0;0
1012011;Radomsko (1);45 843;44 605;0;0
1012022;Dobryszyce (2);4 502;4 574;0;0
1012032;Gidle (2);6 062;5 882;0;0
1012042;Gomunice (2);5 860;5 748;0;0
1012053;Kamieńsk (3);5 877;5 711;0;0
1012054;Kamieńsk - miasto (4);2 753;2 675;0;0
1012055;Kamieńsk - obszar wiejski (5);3 124;3 036;0;0
1012062;Kobiele Wielkie (2);4 444;4 280;0;0
1012072;Kodrąb (2);4 514;4 398;0;0
1012082;Lgota Wielka (2);4 278;4 219;0;0
1012092;Ładzice (2);4 757;4 709;0;0
1012102;Masłowice (2);4 161;3 989;0;0
1012113;Przedbórz (3);7 122;6 809;0;0
1012114;Przedbórz - miasto (4);3 513;3 341;0;0
1012115;Przedbórz - obszar wiejski (5);3 609;3 468;0;0
1012122;Radomsko (2);5 582;5 446;0;0
1012132;Wielgomłyny (2);4 546;4 432;0;0
1012142;Żytno (2);5 096;4 911;0;0
1013000;Powiat rawski;48 592;47 178;0;0
1013011;Rawa Mazowiecka (1);17 324;16 459;0;0
1013023;Biała Rawska (3);11 285;11 152;0;0
1013024;Biała Rawska - miasto (4);3 151;3 136;0;0
1013025;Biała Rawska - obszar wiejski (5);8 134;8 016;0;0
1013032;Cielądz (2);3 965;3 887;0;0
1013042;Rawa Mazowiecka (2);8 788;8 638;0;0
1013052;Regnów (2);1 818;1 745;0;0
1013062;Sadkowice (2);5 412;5 297;0;0
1014000;Powiat sieradzki;117 674;114 150;0;0
1014011;Sieradz (1);41 953;40 141;0;0
1014023;Błaszki (3);14 458;14 255;0;0
1014024;Błaszki - miasto (4);2 085;2 100;0;0
1014025;Błaszki - obszar wiejski (5);12 373;12 155;0;0
1014032;Brąszewice (2);4 471;4 388;0;0
1014042;Brzeźnio (2);6 384;6 154;0;0
1014052;Burzenin (2);5 512;5 369;0;0
1014062;Goszczanów (2);5 466;5 226;0;0
1014072;Klonowa (2);2 870;2 797;0;0
1014082;Sieradz (2);10 706;10 682;0;0
1014093;Warta (3);12 636;12 149;0;0
1014094;Warta - miasto (4);3 242;3 094;0;0
1014095;Warta - obszar wiejski (5);9 394;9 055;0;0
1014102;Wróblew (2);6 054;5 991;0;0
1014113;Złoczew (3);7 164;6 998;0;0
1014114;Złoczew - miasto (4);3 363;3 445;0;0
1014115;Złoczew - obszar wiejski (5);3 801;3 553;0;0
1015000;Powiat skierniewicki;38 174;38 122;0;0
1015012;Bolimów (2);4 021;3 933;0;0
1015022;Głuchów (2);5 724;5 632;0;0
1015032;Godzianów (2);2 644;2 613;0;0
1015042;Kowiesy (2);2 909;2 844;0;0
1015052;Lipce Reymontowskie (2);3 301;3 177;0;0
1015062;Maków (2);5 983;5 997;0;0
1015072;Nowy Kawęczyn (2);3 370;3 410;0;0
1015082;Skierniewice (2);7 609;7 977;0;0
1015092;Słupia (2);2 613;2 539;0;0
1016000;Powiat tomaszowski;116 519;113 407;0;0
1016011;Tomaszów Mazowiecki (1);61 960;59 608;0;0
1016022;Będków (2);3 274;3 190;0;0
1016032;Budziszewice (2);2 149;2 102;0;0
1016042;Czerniewice (2);5 048;4 918;0;0
1016052;Inowłódz (2);3 825;3 698;0;0
1016062;Lubochnia (2);7 197;7 396;0;0
1016072;Rokiciny (2);6 160;6 183;0;0
1016082;Rzeczyca (2);4 643;4 487;0;0
1016092;Tomaszów Mazowiecki (2);11 224;11 153;0;0
1016102;Ujazd (2);7 723;7 463;0;0
1016112;Żelechlinek (2);3 316;3 209;0;0
1017000;Powiat wieluński;76 256;74 207;0;0
1017012;Biała (2);5 440;5 361;0;0
1017022;Czarnożyły (2);4 523;4 403;0;0
1017032;Konopnica (2);3 772;3 640;0;0
1017042;Mokrsko (2);5 401;5 218;0;0
1017052;Osjaków (2);4 738;4 648;0;0
1017062;Ostrówek (2);4 481;4 441;0;0
1017072;Pątnów (2);6 504;6 295;0;0
1017082;Skomlin (2);3 319;3 218;0;0
1017093;Wieluń (3);31 456;30 454;0;0
1017094;Wieluń - miasto (4);22 269;21 384;0;0
1017095;Wieluń - obszar wiejski (5);9 187;9 070;0;0
1017102;Wierzchlas (2);6 622;6 529;0;0
1018000;Powiat wieruszowski;42 105;41 895;0;0
1018012;Bolesławiec (2);4 080;3 997;0;0
1018022;Czastary (2);3 975;3 914;0;0
1018032;Galewice (2);6 115;6 159;0;0
1018042;Lututów (2);4 596;-;0;-
1018043;Lututów (3);-;4 620;-;0
1018044;Lututów - miasto (4);-;2 204;-;0
1018045;Lututów - obszar wiejski (5);-;2 416;-;0
1018052;Łubnice (2);4 029;3 954;0;0
1018062;Sokolniki (2);5 035;5 021;0;0
1018073;Wieruszów (3);14 275;14 230;0;0
1018074;Wieruszów - miasto (4);8 517;8 522;0;0
1018075;Wieruszów - obszar wiejski (5);5 758;5 708;0;0
1019000;Powiat zduńskowolski;66 380;64 709;0;0
1019011;Zduńska Wola (1);41 686;39 994;0;0
1019023;Szadek (3);7 312;7 155;0;0
1019024;Szadek - miasto (4);1 902;1 821;0;0
1019025;Szadek - obszar wiejski (5);5 410;5 334;0;0
1019032;Zapolice (2);5 184;5 385;0;0
1019042;Zduńska Wola (2);12 198;12 175;0;0
1020000;Powiat zgierski;166 113;167 737;0;0
1020011;Głowno (1);14 119;13 573;0;0
1020021;Ozorków (1);19 311;18 766;0;0
1020031;Zgierz (1);56 190;55 251;0;0
1020043;Aleksandrów Łódzki (3);32 303;34 126;0;0
1020044;Aleksandrów Łódzki - miasto (4);21 739;22 150;0;0
1020045;Aleksandrów Łódzki - obszar wiejski (5);10 564;11 976;0;0
1020052;Głowno (2);4 808;4 717;0;0
1020062;Ozorków (2);7 021;7 265;0;0
1020072;Parzęczew (2);5 112;5 222;0;0
1020083;Stryków (3);12 711;12 989;0;0
1020084;Stryków - miasto (4);3 478;3 472;0;0
1020085;Stryków - obszar wiejski (5);9 233;9 517;0;0
1020092;Zgierz (2);14 538;15 828;0;0
1021000;Powiat brzeziński;30 833;30 457;0;0
1021011;Brzeziny (1);12 501;12 136;0;0
1021022;Brzeziny (2);5 783;6 057;0;0
1021032;Dmosin (2);4 463;4 417;0;0
1021042;Jeżów (2);3 375;3 228;0;0
1021052;Rogów (2);4 711;4 619;0;0
1061000;Powiat m. Łódź;0;0;679 941;673 003
1061011;Łódź (1);0;0;679 941;673 003
1062000;Powiat m. Piotrków Trybunalski;0;0;73 090;69 274
1062011;Piotrków Trybunalski (1);0;0;73 090;69 274
1063000;Powiat m. Skierniewice;0;0;48 089;46 548
1063011;Skierniewice (1);0;0;48 089;46 548
1200000;MAŁOPOLSKIE;2 439 522;2 444 130;971 379;988 562
1201000;Powiat bocheński;106 858;106 838;0;0
1201011;Bochnia (1);29 718;29 005;0;0
1201022;Bochnia (2);20 024;20 541;0;0
1201032;Drwinia (2);6 534;6 488;0;0
1201042;Lipnica Murowana (2);5 659;5 540;0;0
1201052;Łapanów (2);8 197;8 465;0;0
1201063;Nowy Wiśnicz (3);14 177;14 305;0;0
1201064;Nowy Wiśnicz - miasto (4);2 758;2 797;0;0
1201065;Nowy Wiśnicz - obszar wiejski (5);11 419;11 508;0;0
1201072;Rzezawa (2);11 348;11 347;0;0
1201082;Trzciana (2);5 641;5 634;0;0
1201092;Żegocina (2);5 560;5 513;0;0
1202000;Powiat brzeski;93 201;92 297;0;0
1202012;Borzęcin (2);8 337;8 162;0;0
1202023;Brzesko (3);36 291;35 755;0;0
1202024;Brzesko - miasto (4);16 819;16 243;0;0
1202025;Brzesko - obszar wiejski (5);19 472;19 512;0;0
1202033;Czchów (3);9 828;9 867;0;0
1202034;Czchów - miasto (4);2 340;2 363;0;0
1202035;Czchów - obszar wiejski (5);7 488;7 504;0;0
1202042;Dębno (2);14 746;14 476;0;0
1202052;Gnojnik (2);8 029;8 147;0;0
1202062;Iwkowa (2);6 483;6 547;0;0
1202072;Szczurowa (2);9 487;9 343;0;0
1203000;Powiat chrzanowski;124 536;121 759;0;0
1203013;Alwernia (3);12 529;12 507;0;0
1203014;Alwernia - miasto (4);3 344;3 313;0;0
1203015;Alwernia - obszar wiejski (5);9 185;9 194;0;0
1203022;Babice (2);9 097;9 068;0;0
1203033;Chrzanów (3);46 787;45 369;0;0
1203034;Chrzanów - miasto (4);36 575;35 205;0;0
1203035;Chrzanów - obszar wiejski (5);10 212;10 164;0;0
1203043;Libiąż (3);22 342;21 689;0;0
1203044;Libiąż - miasto (4);17 003;16 420;0;0
1203045;Libiąż - obszar wiejski (5);5 339;5 269;0;0
1203053;Trzebinia (3);33 781;33 126;0;0
1203054;Trzebinia - miasto (4);19 663;19 193;0;0
1203055;Trzebinia - obszar wiejski (5);14 118;13 933;0;0
1204000;Powiat dąbrowski;59 174;58 294;0;0
1204012;Bolesław (2);2 607;2 713;0;0
1204023;Dąbrowa Tarnowska (3);21 256;20 954;0;0
1204024;Dąbrowa Tarnowska - miasto (4);11 864;11 509;0;0
1204025;Dąbrowa Tarnowska - obszar wiejski (5);9 392;9 445;0;0
1204032;Gręboszów (2);3 333;3 286;0;0
1204042;Mędrzechów (2);3 433;3 386;0;0
1204052;Olesno (2);7 966;7 730;0;0
1204062;Radgoszcz (2);7 424;7 470;0;0
1204073;Szczucin (3);13 155;12 755;0;0
1204074;Szczucin - miasto (4);4 157;4 167;0;0
1204075;Szczucin - obszar wiejski (5);8 998;8 588;0;0
1205000;Powiat gorlicki;108 886;106 921;0;0
1205011;Gorlice (1);27 357;26 517;0;0
1205023;Biecz (3);16 808;16 477;0;0
1205024;Biecz - miasto (4);4 607;4 465;0;0
1205025;Biecz - obszar wiejski (5);12 201;12 012;0;0
1205033;Bobowa (3);9 798;9 590;0;0
1205034;Bobowa - miasto (4);3 144;3 108;0;0
1205035;Bobowa - obszar wiejski (5);6 654;6 482;0;0
1205042;Gorlice (2);17 278;17 029;0;0
1205052;Lipinki (2);6 792;6 756;0;0
1205062;Łużna (2);8 535;8 381;0;0
1205072;Moszczenica (2);4 983;4 915;0;0
1205082;Ropa (2);5 507;5 528;0;0
1205092;Sękowa (2);4 980;4 891;0;0
1205102;Uście Gorlickie (2);6 848;6 837;0;0
1206000;Powiat krakowski;279 239;295 640;0;0
1206012;Czernichów (2);14 712;15 115;0;0
1206022;Igołomia-Wawrzeńczyce (2);7 698;7 919;0;0
1206032;Iwanowice (2);9 164;9 704;0;0
1206042;Jerzmanowice-Przeginia (2);10 964;11 185;0;0
1206052;Kocmyrzów-Luborzyca (2);15 776;17 487;0;0
1206063;Krzeszowice (3);32 129;32 196;0;0
1206064;Krzeszowice - miasto (4);9 975;9 882;0;0
1206065;Krzeszowice - obszar wiejski (5);22 154;22 314;0;0
1206072;Liszki (2);17 447;18 084;0;0
1206082;Michałowice (2);10 762;12 678;0;0
1206092;Mogilany (2);14 233;15 750;0;0
1206103;Skała (3);10 579;10 911;0;0
1206104;Skała - miasto (4);3 801;3 841;0;0
1206105;Skała - obszar wiejski (5);6 778;7 070;0;0
1206113;Skawina (3);43 586;43 948;0;0
1206114;Skawina - miasto (4);24 310;24 170;0;0
1206115;Skawina - obszar wiejski (5);19 276;19 778;0;0
1206123;Słomniki (3);13 638;13 889;0;0
1206124;Słomniki - miasto (4);4 321;4 235;0;0
1206125;Słomniki - obszar wiejski (5);9 317;9 654;0;0
1206132;Sułoszowa (2);5 835;5 774;0;0
1206143;Świątniki Górne (3);10 195;10 915;0;0
1206144;Świątniki Górne - miasto (4);2 438;2 418;0;0
1206145;Świątniki Górne - obszar wiejski (5);7 757;8 497;0;0
1206152;Wielka Wieś (2);12 721;15 239;0;0
1206162;Zabierzów (2);26 708;28 751;0;0
1206172;Zielonki (2);23 092;26 095;0;0
1207000;Powiat limanowski;131 764;131 145;0;0
1207011;Limanowa (1);15 162;14 631;0;0
1207021;Mszana Dolna (1);7 889;7 852;0;0
1207032;Dobra (2);9 983;10 046;0;0
1207042;Jodłownik (2);8 690;8 698;0;0
1207052;Kamienica (2);7 850;7 803;0;0
1207062;Laskowa (2);8 206;8 128;0;0
1207072;Limanowa (2);25 607;25 713;0;0
1207082;Łukowica (2);10 062;10 059;0;0
1207092;Mszana Dolna (2);17 623;17 660;0;0
1207102;Niedźwiedź (2);7 337;7 314;0;0
1207112;Słopnice (2);6 764;6 807;0;0
1207122;Tymbark (2);6 591;6 434;0;0
1208000;Powiat miechowski;48 818;47 756;0;0
1208012;Charsznica (2);7 441;7 290;0;0
1208022;Gołcza (2);6 047;5 966;0;0
1208032;Kozłów (2);4 582;4 480;0;0
1208042;Książ Wielki (2);5 073;4 991;0;0
1208053;Miechów (3);19 645;19 144;0;0
1208054;Miechów - miasto (4);11 569;11 238;0;0
1208055;Miechów - obszar wiejski (5);8 076;7 906;0;0
1208062;Racławice (2);2 508;2 450;0;0
1208072;Słaboszów (2);3 522;3 435;0;0
1209000;Powiat myślenicki;127 600;129 108;0;0
1209013;Dobczyce (3);15 321;15 482;0;0
1209014;Dobczyce - miasto (4);6 427;6 276;0;0
1209015;Dobczyce - obszar wiejski (5);8 894;9 206;0;0
1209022;Lubień (2);10 076;10 094;0;0
1209033;Myślenice (3);44 444;45 166;0;0
1209034;Myślenice - miasto (4);18 366;18 075;0;0
1209035;Myślenice - obszar wiejski (5);26 078;27 091;0;0
1209042;Pcim (2);11 131;11 171;0;0
1209052;Raciechowice (2);6 413;6 414;0;0
1209062;Siepraw (2);9 001;9 386;0;0
1209073;Sułkowice (3);14 982;15 053;0;0
1209074;Sułkowice - miasto (4);6 633;6 536;0;0
1209075;Sułkowice - obszar wiejski (5);8 349;8 517;0;0
1209082;Tokarnia (2);8 820;8 861;0;0
1209092;Wiśniowa (2);7 412;7 481;0;0
1210000;Powiat nowosądecki;216 796;214 502;0;0
1210011;Grybów (1);6 026;6 033;0;0
1210022;Chełmiec (2);28 834;29 109;0;0
1210032;Gródek nad Dunajcem (2);9 252;8 994;0;0
1210042;Grybów (2);25 579;25 191;0;0
1210052;Kamionka Wielka (2);10 432;10 418;0;0
1210062;Korzenna (2);14 497;14 344;0;0
1210073;Krynica-Zdrój (3);16 680;16 090;0;0
1210074;Krynica-Zdrój - miasto (4);10 568;10 050;0;0
1210075;Krynica-Zdrój - obszar wiejski (5);6 112;6 040;0;0
1210082;Łabowa (2);6 089;5 963;0;0
1210092;Łącko (2);16 522;16 564;0;0
1210102;Łososina Dolna (2);11 144;11 077;0;0
1210113;Muszyna (3);11 566;11 315;0;0
1210114;Muszyna - miasto (4);4 760;4 611;0;0
1210115;Muszyna - obszar wiejski (5);6 806;6 704;0;0
1210122;Nawojowa (2);8 730;8 751;0;0
1210133;Piwniczna-Zdrój (3);10 588;10 128;0;0
1210134;Piwniczna-Zdrój - miasto (4);5 860;5 515;0;0
1210135;Piwniczna-Zdrój - obszar wiejski (5);4 728;4 613;0;0
1210142;Podegrodzie (2);13 279;13 282;0;0
1210152;Rytro (2);3 777;3 706;0;0
1210163;Stary Sącz (3);23 801;23 537;0;0
1210164;Stary Sącz - miasto (4);9 085;8 778;0;0
1210165;Stary Sącz - obszar wiejski (5);14 716;14 759;0;0
1211000;Powiat nowotarski;191 782;190 626;0;0
1211011;Nowy Targ (1);33 293;33 300;0;0
1211023;Szczawnica (3);7 204;6 931;0;0
1211024;Szczawnica - miasto (4);5 711;5 479;0;0
1211025;Szczawnica - obszar wiejski (5);1 493;1 452;0;0
1211032;Czarny Dunajec (2);22 626;22 138;0;0
1211042;Czorsztyn (2);7 663;7 641;0;0
1211052;Jabłonka (2);18 664;18 873;0;0
1211062;Krościenko nad Dunajcem (2);6 802;6 742;0;0
1211072;Lipnica Wielka (2);6 015;6 148;0;0
1211082;Łapsze Niżne (2);9 379;9 229;0;0
1211092;Nowy Targ (2);24 070;24 080;0;0
1211102;Ochotnica Dolna (2);8 513;8 433;0;0
1211112;Raba Wyżna (2);14 750;14 567;0;0
1211123;Rabka-Zdrój (3);17 091;16 814;0;0
1211124;Rabka-Zdrój - miasto (4);12 772;12 479;0;0
1211125;Rabka-Zdrój - obszar wiejski (5);4 319;4 335;0;0
1211132;Spytkowice (2);4 609;4 625;0;0
1211142;Szaflary (2);11 103;11 105;0;0
1212000;Powiat olkuski;111 217;108 923;0;0
1212011;Bukowno (1);10 106;9 806;0;0
1212032;Bolesław (2);7 745;7 674;0;0
1212042;Klucze (2);14 973;14 883;0;0
1212053;Olkusz (3);48 601;47 114;0;0
1212054;Olkusz - miasto (4);35 170;33 606;0;0
1212055;Olkusz - obszar wiejski (5);13 431;13 508;0;0
1212062;Trzyciąż (2);7 039;7 016;0;0
1212073;Wolbrom (3);22 753;22 430;0;0
1212074;Wolbrom - miasto (4);8 561;8 375;0;0
1212075;Wolbrom - obszar wiejski (5);14 192;14 055;0;0
1213000;Powiat oświęcimski;153 486;151 300;0;0
1213011;Oświęcim (1);38 005;37 115;0;0
1213023;Brzeszcze (3);21 214;20 925;0;0
1213024;Brzeszcze - miasto (4);11 192;11 095;0;0
1213025;Brzeszcze - obszar wiejski (5);10 022;9 830;0;0
1213033;Chełmek (3);12 990;12 604;0;0
1213034;Chełmek - miasto (4);9 031;8 688;0;0
1213035;Chełmek - obszar wiejski (5);3 959;3 916;0;0
1213043;Kęty (3);34 157;33 547;0;0
1213044;Kęty - miasto (4);18 623;18 098;0;0
1213045;Kęty - obszar wiejski (5);15 534;15 449;0;0
1213052;Osiek (2);8 224;8 180;0;0
1213062;Oświęcim (2);18 505;18 902;0;0
1213072;Polanka Wielka (2);4 313;4 323;0;0
1213082;Przeciszów (2);6 761;6 550;0;0
1213093;Zator (3);9 317;9 154;0;0
1213094;Zator - miasto (4);3 664;3 637;0;0
1213095;Zator - obszar wiejski (5);5 653;5 517;0;0
1214000;Powiat proszowicki;43 222;42 760;0;0
1214012;Koniusza (2);9 007;9 025;0;0
1214023;Koszyce (3);5 454;5 356;0;0
1214024;Koszyce - miasto (4);778;783;0;0
1214025;Koszyce - obszar wiejski (5);4 676;4 573;0;0
1214033;Nowe Brzesko (3);5 712;5 710;0;0
1214034;Nowe Brzesko - miasto (4);1 667;1 628;0;0
1214035;Nowe Brzesko - obszar wiejski (5);4 045;4 082;0;0
1214042;Pałecznica (2);3 568;3 553;0;0
1214053;Proszowice (3);16 139;15 845;0;0
1214054;Proszowice - miasto (4);5 983;5 960;0;0
1214055;Proszowice - obszar wiejski (5);10 156;9 885;0;0
1214062;Radziemice (2);3 342;3 271;0;0
1215000;Powiat suski;84 232;83 429;0;0
1215011;Jordanów (1);5 366;5 312;0;0
1215021;Sucha Beskidzka (1);9 088;8 992;0;0
1215032;Budzów (2);8 945;8 823;0;0
1215042;Bystra-Sidzina (2);6 920;6 821;0;0
1215052;Jordanów (2);11 180;11 172;0;0
1215063;Maków Podhalański (3);16 077;15 932;0;0
1215064;Maków Podhalański - miasto (4);5 824;5 645;0;0
1215065;Maków Podhalański - obszar wiejski (5);10 253;10 287;0;0
1215072;Stryszawa (2);11 940;12 005;0;0
1215082;Zawoja (2);9 086;8 891;0;0
1215092;Zembrzyce (2);5 630;5 481;0;0
1216000;Powiat tarnowski;201 497;198 525;0;0
1216013;Ciężkowice (3);11 209;11 100;0;0
1216014;Ciężkowice - miasto (4);2 479;2 508;0;0
1216015;Ciężkowice - obszar wiejski (5);8 730;8 592;0;0
1216022;Gromnik (2);8 922;8 796;0;0
1216032;Lisia Góra (2);15 402;15 542;0;0
1216042;Pleśna (2);11 944;11 869;0;0
1216053;Radłów (3);9 666;9 458;0;0
1216054;Radłów - miasto (4);2 742;2 693;0;0
1216055;Radłów - obszar wiejski (5);6 924;6 765;0;0
1216063;Ryglice (3);11 652;11 322;0;0
1216064;Ryglice - miasto (4);2 836;2 740;0;0
1216065;Ryglice - obszar wiejski (5);8 816;8 582;0;0
1216072;Rzepiennik Strzyżewski (2);6 738;6 612;0;0
1216082;Skrzyszów (2);14 303;14 062;0;0
1216092;Tarnów (2);26 202;26 080;0;0
1216103;Tuchów (3);17 916;17 375;0;0
1216104;Tuchów - miasto (4);6 594;6 356;0;0
1216105;Tuchów - obszar wiejski (5);11 322;11 019;0;0
1216112;Wierzchosławice (2);10 857;10 656;0;0
1216122;Wietrzychowice (2);3 938;3 809;0;0
1216133;Wojnicz (3);13 443;13 173;0;0
1216134;Wojnicz - miasto (4);3 314;3 122;0;0
1216135;Wojnicz - obszar wiejski (5);10 129;10 051;0;0
1216143;Zakliczyn (3);12 488;12 389;0;0
1216144;Zakliczyn - miasto (4);1 631;1 599;0;0
1216145;Zakliczyn - obszar wiejski (5);10 857;10 790;0;0
1216153;Żabno (3);18 874;18 626;0;0
1216154;Żabno - miasto (4);4 200;4 185;0;0
1216155;Żabno - obszar wiejski (5);14 674;14 441;0;0
1216162;Szerzyny (2);7 943;7 656;0;0
1217000;Powiat tatrzański;68 072;67 028;0;0
1217011;Zakopane (1);27 010;25 867;0;0
1217022;Biały Dunajec (2);7 179;6 934;0;0
1217032;Bukowina Tatrzańska (2);13 387;13 447;0;0
1217042;Kościelisko (2);8 846;9 012;0;0
1217052;Poronin (2);11 650;11 768;0;0
1218000;Powiat wadowicki;160 006;158 764;0;0
1218013;Andrychów (3);43 477;42 700;0;0
1218014;Andrychów - miasto (4);20 016;19 293;0;0
1218015;Andrychów - obszar wiejski (5);23 461;23 407;0;0
1218022;Brzeźnica (2);10 426;10 729;0;0
1218033;Kalwaria Zebrzydowska (3);20 012;19 955;0;0
1218034;Kalwaria Zebrzydowska - miasto (4);4 493;4 417;0;0
1218035;Kalwaria Zebrzydowska - obszar wiejski (5);15 519;15 538;0;0
1218042;Lanckorona (2);6 245;6 278;0;0
1218052;Mucharz (2);4 122;4 145;0;0
1218062;Spytkowice (2);10 365;10 260;0;0
1218072;Stryszów (2);6 865;6 859;0;0
1218082;Tomice (2);8 174;8 160;0;0
1218093;Wadowice (3);37 888;37 207;0;0
1218094;Wadowice - miasto (4);18 692;17 967;0;0
1218095;Wadowice - obszar wiejski (5);19 196;19 240;0;0
1218102;Wieprz (2);12 432;12 471;0;0
1219000;Powiat wielicki;129 136;138 515;0;0
1219012;Biskupice (2);10 450;11 322;0;0
1219022;Gdów (2);18 296;18 521;0;0
1219032;Kłaj (2);10 768;10 981;0;0
1219043;Niepołomice (3);29 141;31 686;0;0
1219044;Niepołomice - miasto (4);13 564;15 526;0;0
1219045;Niepołomice - obszar wiejski (5);15 577;16 160;0;0
1219053;Wieliczka (3);60 481;66 005;0;0
1219054;Wieliczka - miasto (4);23 849;26 470;0;0
1219055;Wieliczka - obszar wiejski (5);36 632;39 535;0;0
1261000;Powiat m. Kraków;0;0;779 115;800 531
1261011;Kraków (1);0;0;779 115;800 531
1262000;Powiat m. Nowy Sącz;0;0;83 794;81 435
1262011;Nowy Sącz (1);0;0;83 794;81 435
1263000;Powiat m. Tarnów;0;0;108 470;106 596
1263011;Tarnów (1);0;0;108 470;106 596
1400000;MAZOWIECKIE;3 171 474;3 212 225;2 251 694;2 305 391
1401000;Powiat białobrzeski;33 410;32 926;0;0
1401013;Białobrzegi (3);10 263;9 980;0;0
1401014;Białobrzegi - miasto (4);6 891;6 637;0;0
1401015;Białobrzegi - obszar wiejski (5);3 372;3 343;0;0
1401022;Promna (2);5 555;5 524;0;0
1401032;Radzanów (2);3 887;3 811;0;0
1401042;Stara Błotnica (2);5 298;5 390;0;0
1401052;Stromiec (2);5 628;5 524;0;0
1401063;Wyśmierzyce (3);2 779;2 697;0;0
1401064;Wyśmierzyce - miasto (4);894;876;0;0
1401065;Wyśmierzyce - obszar wiejski (5);1 885;1 821;0;0
1402000;Powiat ciechanowski;89 423;86 977;0;0
1402011;Ciechanów (1);44 138;42 835;0;0
1402022;Ciechanów (2);7 117;7 365;0;0
1402033;Glinojeck (3);7 832;7 361;0;0
1402034;Glinojeck - miasto (4);3 008;2 857;0;0
1402035;Glinojeck - obszar wiejski (5);4 824;4 504;0;0
1402042;Gołymin-Ośrodek (2);3 752;3 588;0;0
1402052;Grudusk (2);3 586;3 453;0;0
1402062;Ojrzeń (2);4 291;4 217;0;0
1402072;Opinogóra Górna (2);5 963;5 822;0;0
1402082;Regimin (2);4 989;4 827;0;0
1402092;Sońsk (2);7 755;7 509;0;0
1403000;Powiat garwoliński;108 981;106 364;0;0
1403011;Garwolin (1);17 602;17 273;0;0
1403021;Łaskarzew (1);4 829;4 593;0;0
1403032;Borowie (2);5 283;4 976;0;0
1403042;Garwolin (2);13 273;13 321;0;0
1403052;Górzno (2);6 541;6 623;0;0
1403062;Łaskarzew (2);5 475;5 307;0;0
1403072;Maciejowice (2);6 909;6 582;0;0
1403082;Miastków Kościelny (2);4 869;4 672;0;0
1403092;Parysów (2);4 128;4 141;0;0
1403103;Pilawa (3);10 975;10 670;0;0
1403104;Pilawa - miasto (4);4 588;4 428;0;0
1403105;Pilawa - obszar wiejski (5);6 387;6 242;0;0
1403112;Sobolew (2);8 239;7 926;0;0
1403122;Trojanów (2);7 299;7 185;0;0
1403132;Wilga (2);5 278;5 144;0;0
1403143;Żelechów (3);8 281;7 951;0;0
1403144;Żelechów - miasto (4);3 930;3 798;0;0
1403145;Żelechów - obszar wiejski (5);4 351;4 153;0;0
1404000;Powiat gostyniński;44 899;43 501;0;0
1404011;Gostynin (1);18 527;17 674;0;0
1404022;Gostynin (2);12 005;11 836;0;0
1404032;Pacyna (2);3 527;3 422;0;0
1404043;Sanniki (3);5 997;5 822;0;0
1404044;Sanniki - miasto (4);1 949;1 839;0;0
1404045;Sanniki - obszar wiejski (5);4 048;3 983;0;0
1404052;Szczawin Kościelny (2);4 843;4 747;0;0
1405000;Powiat grodziski;95 963;101 623;0;0
1405011;Milanówek (1);16 416;16 486;0;0
1405021;Podkowa Leśna (1);3 844;3 872;0;0
1405032;Baranów (2);5 340;5 528;0;0
1405043;Grodzisk Mazowiecki (3);48 907;52 540;0;0
1405044;Grodzisk Mazowiecki - miasto (4);32 125;33 639;0;0
1405045;Grodzisk Mazowiecki - obszar wiejski (5);16 782;18 901;0;0
1405052;Jaktorów (2);12 471;12 940;0;0
1405062;Żabia Wola (2);8 985;10 257;0;0
1406000;Powiat grójecki;98 311;98 305;0;0
1406012;Belsk Duży (2);6 475;6 351;0;0
1406022;Błędów (2);7 415;7 196;0;0
1406032;Chynów (2);9 846;10 160;0;0
1406042;Goszczyn (2);2 971;2 890;0;0
1406053;Grójec (3);25 855;26 318;0;0
1406054;Grójec - miasto (4);16 758;17 080;0;0
1406055;Grójec - obszar wiejski (5);9 097;9 238;0;0
1406062;Jasieniec (2);5 376;5 410;0;0
1406073;Mogielnica (3);8 682;8 395;0;0
1406074;Mogielnica - miasto (4);2 237;2 212;0;0
1406075;Mogielnica - obszar wiejski (5);6 445;6 183;0;0
1406083;Nowe Miasto nad Pilicą (3);7 668;7 403;0;0
1406084;Nowe Miasto nad Pilicą - miasto (4);3 717;3 653;0;0
1406085;Nowe Miasto nad Pilicą - obszar wiejski (5);3 951;3 750;0;0
1406092;Pniewy (2);4 797;4 808;0;0
1406113;Warka (3);19 226;19 374;0;0
1406114;Warka - miasto (4);11 952;12 010;0;0
1406115;Warka - obszar wiejski (5);7 274;7 364;0;0
1407000;Powiat kozienicki;59 997;58 313;0;0
1407012;Garbatka-Letnisko (2);5 001;4 822;0;0
1407022;Głowaczów (2);7 166;6 816;0;0
1407032;Gniewoszów (2);3 878;3 864;0;0
1407042;Grabów nad Pilicą (2);3 899;4 060;0;0
1407053;Kozienice (3);29 421;28 470;0;0
1407054;Kozienice - miasto (4);17 072;16 255;0;0
1407055;Kozienice - obszar wiejski (5);12 349;12 215;0;0
1407062;Magnuszew (2);6 742;6 491;0;0
1407072;Sieciechów (2);3 890;3 790;0;0
1408000;Powiat legionowski;118 585;127 099;0;0
1408011;Legionowo (1);53 886;53 300;0;0
1408022;Jabłonna (2);19 659;22 138;0;0
1408032;Nieporęt (2);14 687;16 546;0;0
1408043;Serock (3);15 125;16 477;0;0
1408044;Serock - miasto (4);4 585;4 942;0;0
1408045;Serock - obszar wiejski (5);10 540;11 535;0;0
1408052;Wieliszew (2);15 228;18 638;0;0
1409000;Powiat lipski;33 874;32 572;0;0
1409012;Chotcza (2);2 326;2 273;0;0
1409022;Ciepielów (2);5 530;5 323;0;0
1409033;Lipsko (3);10 970;10 458;0;0
1409034;Lipsko - miasto (4);5 455;5 224;0;0
1409035;Lipsko - obszar wiejski (5);5 515;5 234;0;0
1409042;Rzeczniów (2);4 352;4 148;0;0
1409052;Sienno (2);5 802;5 685;0;0
1409062;Solec nad Wisłą (2);4 894;4 685;0;0
1410000;Powiat łosicki;30 774;29 736;0;0
1410012;Huszlew (2);2 813;2 705;0;0
1410023;Łosice (3);10 787;10 699;0;0
1410024;Łosice - miasto (4);7 042;7 024;0;0
1410025;Łosice - obszar wiejski (5);3 745;3 675;0;0
1410032;Olszanka (2);2 943;2 805;0;0
1410042;Platerów (2);4 849;4 603;0;0
1410052;Sarnaki (2);4 645;4 402;0;0
1410062;Stara Kornica (2);4 737;4 522;0;0
1411000;Powiat makowski;44 892;42 956;0;0
1411011;Maków Mazowiecki (1);9 711;9 192;0;0
1411022;Czerwonka (2);2 647;2 574;0;0
1411032;Karniewo (2);5 176;4 975;0;0
1411042;Krasnosielc (2);6 352;6 048;0;0
1411052;Młynarze (2);1 742;1 666;0;0
1411062;Płoniawy-Bramura (2);5 336;5 093;0;0
1411073;Różan (3);4 418;4 313;0;0
1411074;Różan - miasto (4);2 720;2 654;0;0
1411075;Różan - obszar wiejski (5);1 698;1 659;0;0
1411082;Rzewnie (2);2 638;2 478;0;0
1411092;Sypniewo (2);3 248;3 044;0;0
1411102;Szelków (2);3 624;3 573;0;0
1412000;Powiat miński;154 526;158 639;0;0
1412011;Mińsk Mazowiecki (1);40 999;40 492;0;0
1412042;Cegłów (2);6 087;6 110;0;0
1412052;Dębe Wielkie (2);10 518;11 331;0;0
1412062;Dobre (2);5 985;5 913;0;0
1412073;Halinów (3);16 336;17 783;0;0
1412074;Halinów - miasto (4);3 745;3 741;0;0
1412075;Halinów - obszar wiejski (5);12 591;14 042;0;0
1412082;Jakubów (2);5 101;5 093;0;0
1412093;Kałuszyn (3);5 825;5 634;0;0
1412094;Kałuszyn - miasto (4);2 891;2 741;0;0
1412095;Kałuszyn - obszar wiejski (5);2 934;2 893;0;0
1412102;Latowicz (2);5 399;5 244;0;0
1412112;Mińsk Mazowiecki (2);15 490;16 445;0;0
1412123;Mrozy (3);8 712;8 681;0;0
1412124;Mrozy - miasto (4);3 588;3 606;0;0
1412125;Mrozy - obszar wiejski (5);5 124;5 075;0;0
1412132;Siennica (2);7 480;7 651;0;0
1412142;Stanisławów (2);6 756;6 991;0;0
1412151;Sulejówek (1);19 838;21 271;0;0
1413000;Powiat mławski;72 626;70 471;0;0
1413011;Mława (1);31 246;30 950;0;0
1413022;Dzierzgowo (2);3 051;2 889;0;0
1413032;Lipowiec Kościelny (2);4 781;4 600;0;0
1413042;Radzanów (2);3 270;3 088;0;0
1413052;Strzegowo (2);7 478;7 268;0;0
1413062;Stupsk (2);4 836;4 549;0;0
1413072;Szreńsk (2);4 115;3 919;0;0
1413082;Szydłowo (2);4 576;4 295;0;0
1413092;Wieczfnia Kościelna (2);4 048;3 781;0;0
1413102;Wiśniewo (2);5 225;5 132;0;0
1414000;Powiat nowodworski;79 378;80 054;0;0
1414011;Nowy Dwór Mazowiecki (1);28 679;28 705;0;0
1414022;Czosnów (2);9 991;10 876;0;0
1414032;Leoncin (2);5 620;5 587;0;0
1414043;Nasielsk (3);19 965;19 517;0;0
1414044;Nasielsk - miasto (4);7 697;7 504;0;0
1414045;Nasielsk - obszar wiejski (5);12 268;12 013;0;0
1414052;Pomiechówek (2);9 090;9 358;0;0
1414063;Zakroczym (3);6 033;6 011;0;0
1414064;Zakroczym - miasto (4);3 183;3 189;0;0
1414065;Zakroczym - obszar wiejski (5);2 850;2 822;0;0
1415000;Powiat ostrołęcki;88 654;87 559;0;0
1415012;Baranowo (2);6 496;6 172;0;0
1415022;Czarnia (2);2 513;2 300;0;0
1415032;Czerwin (2);5 098;4 846;0;0
1415042;Goworowo (2);8 275;7 968;0;0
1415052;Kadzidło (2);11 363;11 090;0;0
1415062;Lelis (2);9 707;9 759;0;0
1415072;Łyse (2);8 384;8 273;0;0
1415083;Myszyniec (3);10 437;10 189;0;0
1415084;Myszyniec - miasto (4);3 421;3 278;0;0
1415085;Myszyniec - obszar wiejski (5);7 016;6 911;0;0
1415092;Olszewo-Borki (2);10 786;10 913;0;0
1415102;Rzekuń (2);10 839;11 460;0;0
1415112;Troszyn (2);4 756;4 589;0;0
1416000;Powiat ostrowski;72 328;70 109;0;0
1416011;Ostrów Mazowiecka (1);22 399;22 022;0;0
1416022;Andrzejewo (2);4 063;3 897;0;0
1416032;Boguty-Pianki (2);2 581;2 474;0;0
1416043;Brok (3);2 813;2 639;0;0
1416044;Brok - miasto (4);1 924;1 792;0;0
1416045;Brok - obszar wiejski (5);889;847;0;0
1416052;Małkinia Górna (2);11 624;11 091;0;0
1416062;Nur (2);2 673;2 592;0;0
1416072;Ostrów Mazowiecka (2);12 884;12 751;0;0
1416082;Stary Lubotyń (2);3 707;3 640;0;0
1416092;Szulborze Wielkie (2);1 646;1 568;0;0
1416102;Wąsewo (2);4 293;4 043;0;0
1416112;Zaręby Kościelne (2);3 645;3 392;0;0
1417000;Powiat otwocki;124 352;126 695;0;0
1417011;Józefów (1);20 724;21 016;0;0
1417021;Otwock (1);44 635;44 568;0;0
1417032;Celestynów (2);11 732;11 736;0;0
1417043;Karczew (3);15 899;15 986;0;0
1417044;Karczew - miasto (4);9 826;9 572;0;0
1417045;Karczew - obszar wiejski (5);6 073;6 414;0;0
1417052;Kołbiel (2);8 230;8 371;0;0
1417062;Osieck (2);3 636;3 651;0;0
1417072;Sobienie-Jeziory (2);6 388;6 294;0;0
1417082;Wiązowna (2);13 108;15 073;0;0
1418000;Powiat piaseczyński;188 281;206 796;0;0
1418013;Góra Kalwaria (3);27 063;28 040;0;0
1418014;Góra Kalwaria - miasto (4);12 109;11 923;0;0
1418015;Góra Kalwaria - obszar wiejski (5);14 954;16 117;0;0
1418023;Konstancin-Jeziorna (3);24 726;25 294;0;0
1418024;Konstancin-Jeziorna - miasto (4);17 040;17 225;0;0
1418025;Konstancin-Jeziorna - obszar wiejski (5);7 686;8 069;0;0
1418032;Lesznowola (2);28 500;33 919;0;0
1418043;Piaseczno (3);85 226;94 786;0;0
1418044;Piaseczno - miasto (4);48 450;51 972;0;0
1418045;Piaseczno - obszar wiejski (5);36 776;42 814;0;0
1418052;Prażmów (2);11 199;12 667;0;0
1418063;Tarczyn (3);11 567;12 090;0;0
1418064;Tarczyn - miasto (4);4 132;4 227;0;0
1418065;Tarczyn - obszar wiejski (5);7 435;7 863;0;0
1419000;Powiat płocki;110 952;110 155;0;0
1419012;Bielsk (2);9 071;8 946;0;0
1419022;Bodzanów (2);8 187;7 942;0;0
1419032;Brudzeń Duży (2);8 267;8 271;0;0
1419042;Bulkowo (2);5 512;5 291;0;0
1419053;Drobin (3);7 891;7 518;0;0
1419054;Drobin - miasto (4);2 861;2 725;0;0
1419055;Drobin - obszar wiejski (5);5 030;4 793;0;0
1419063;Gąbin (3);11 025;11 084;0;0
1419064;Gąbin - miasto (4);4 121;4 124;0;0
1419065;Gąbin - obszar wiejski (5);6 904;6 960;0;0
1419072;Łąck (2);5 408;5 388;0;0
1419082;Mała Wieś (2);5 968;5 770;0;0
1419092;Nowy Duninów (2);3 977;3 995;0;0
1419102;Radzanowo (2);8 500;8 588;0;0
1419112;Słubice (2);4 429;4 207;0;0
1419122;Słupno (2);7 958;8 704;0;0
1419132;Stara Biała (2);11 968;12 180;0;0
1419142;Staroźreby (2);7 216;6 917;0;0
1419153;Wyszogród (3);5 575;5 354;0;0
1419154;Wyszogród - miasto (4);2 601;2 469;0;0
1419155;Wyszogród - obszar wiejski (5);2 974;2 885;0;0
1420000;Powiat płoński;87 054;85 427;0;0
1420011;Płońsk (1);22 107;21 840;0;0
1420021;Raciąż (1);4 394;4 163;0;0
1420032;Baboszewo (2);7 955;7 588;0;0
1420042;Czerwińsk nad Wisłą (2);7 640;-;0;-
1420043;Czerwińsk nad Wisłą (3);-;7 332;-;0
1420044;Czerwińsk nad Wisłą - miasto (4);-;1 036;-;0
1420045;Czerwińsk nad Wisłą - obszar wiejski (5);-;6 296;-;0
1420052;Dzierzążnia (2);3 632;3 449;0;0
1420062;Joniec (2);2 655;2 714;0;0
1420072;Naruszewo (2);6 312;6 116;0;0
1420082;Nowe Miasto (2);4 655;4 595;0;0
1420092;Płońsk (2);7 943;8 224;0;0
1420102;Raciąż (2);8 283;8 071;0;0
1420112;Sochocin (2);5 809;5 737;0;0
1420122;Załuski (2);5 669;5 598;0;0
1421000;Powiat pruszkowski;165 912;176 326;0;0
1421011;Piastów (1);22 679;23 393;0;0
1421021;Pruszków (1);62 317;65 207;0;0
1421033;Brwinów (3);26 718;29 515;0;0
1421034;Brwinów - miasto (4);13 698;14 436;0;0
1421035;Brwinów - obszar wiejski (5);13 020;15 079;0;0
1421042;Michałowice (2);18 321;18 943;0;0
1421052;Nadarzyn (2);14 032;16 644;0;0
1421062;Raszyn (2);21 845;22 624;0;0
1422000;Powiat przasnyski;52 511;50 354;0;0
1422011;Przasnysz (1);17 177;16 712;0;0
1422023;Chorzele (3);10 175;9 569;0;0
1422024;Chorzele - miasto (4);3 113;2 990;0;0
1422025;Chorzele - obszar wiejski (5);7 062;6 579;0;0
1422032;Czernice Borowe (2);3 801;3 617;0;0
1422042;Jednorożec (2);7 081;6 758;0;0
1422052;Krasne (2);3 610;3 409;0;0
1422062;Krzynowłoga Mała (2);3 439;3 265;0;0
1422072;Przasnysz (2);7 228;7 024;0;0
1423000;Powiat przysuski;41 455;39 771;0;0
1423012;Borkowice (2);4 261;4 161;0;0
1423022;Gielniów (2);4 542;4 382;0;0
1423032;Klwów (2);3 380;3 193;0;0
1423042;Odrzywół (2);3 752;3 472;0;0
1423052;Potworów (2);4 187;4 052;0;0
1423063;Przysucha (3);11 783;11 192;0;0
1423064;Przysucha - miasto (4);5 801;5 587;0;0
1423065;Przysucha - obszar wiejski (5);5 982;5 605;0;0
1423072;Rusinów (2);4 274;4 136;0;0
1423082;Wieniawa (2);5 276;5 183;0;0
1424000;Powiat pułtuski;51 824;50 881;0;0
1424012;Gzy (2);3 754;3 635;0;0
1424022;Obryte (2);4 805;4 467;0;0
1424032;Pokrzywnica (2);5 029;5 160;0;0
1424043;Pułtusk (3);24 683;24 302;0;0
1424044;Pułtusk - miasto (4);19 414;19 376;0;0
1424045;Pułtusk - obszar wiejski (5);5 269;4 926;0;0
1424052;Świercze (2);4 613;4 537;0;0
1424062;Winnica (2);4 091;4 029;0;0
1424072;Zatory (2);4 849;4 751;0;0
1425000;Powiat radomski;152 291;151 601;0;0
1425011;Pionki (1);18 159;16 884;0;0
1425022;Gózd (2);8 978;9 162;0;0
1425033;Iłża (3);14 656;14 090;0;0
1425034;Iłża - miasto (4);4 727;4 499;0;0
1425035;Iłża - obszar wiejski (5);9 929;9 591;0;0
1425042;Jastrzębia (2);6 996;7 155;0;0
1425052;Jedlińsk (2);14 548;14 547;0;0
1425062;Jedlnia-Letnisko (2);12 838;13 395;0;0
1425072;Kowala (2);12 247;12 331;0;0
1425082;Pionki (2);9 979;9 770;0;0
1425092;Przytyk (2);7 308;7 118;0;0
1425103;Skaryszew (3);14 782;15 166;0;0
1425104;Skaryszew - miasto (4);4 354;4 406;0;0
1425105;Skaryszew - obszar wiejski (5);10 428;10 760;0;0
1425112;Wierzbica (2);9 672;9 500;0;0
1425122;Wolanów (2);8 906;8 966;0;0
1425132;Zakrzew (2);13 222;13 517;0;0
1426000;Powiat siedlecki;81 362;80 690;0;0
1426012;Domanice (2);2 610;2 532;0;0
1426022;Korczew (2);2 599;2 474;0;0
1426032;Kotuń (2);8 501;8 199;0;0
1426042;Mokobody (2);4 939;4 856;0;0
1426053;Mordy (3);5 780;5 519;0;0
1426054;Mordy - miasto (4);1 750;1 632;0;0
1426055;Mordy - obszar wiejski (5);4 030;3 887;0;0
1426062;Paprotnia (2);2 549;2 424;0;0
1426072;Przesmyki (2);3 169;2 932;0;0
1426082;Siedlce (2);18 406;19 215;0;0
1426092;Skórzec (2);7 872;8 065;0;0
1426102;Suchożebry (2);4 693;4 662;0;0
1426112;Wiśniew (2);5 747;5 704;0;0
1426122;Wodynie (2);4 391;4 261;0;0
1426132;Zbuczyn (2);10 106;9 847;0;0
1427000;Powiat sierpecki;51 954;49 607;0;0
1427011;Sierpc (1);17 933;17 359;0;0
1427022;Gozdowo (2);5 943;5 800;0;0
1427032;Mochowo (2);6 009;5 659;0;0
1427042;Rościszewo (2);4 139;3 889;0;0
1427052;Sierpc (2);7 042;6 720;0;0
1427062;Szczutowo (2);4 310;4 066;0;0
1427072;Zawidz (2);6 578;6 114;0;0
1428000;Powiat sochaczewski;85 045;83 999;0;0
1428011;Sochaczew (1);36 282;34 575;0;0
1428022;Brochów (2);4 371;4 442;0;0
1428032;Iłów (2);6 132;6 047;0;0
1428042;Młodzieszyn (2);5 575;5 555;0;0
1428052;Nowa Sucha (2);6 686;6 760;0;0
1428062;Rybno (2);3 478;3 426;0;0
1428072;Sochaczew (2);10 976;11 592;0;0
1428082;Teresin (2);11 545;11 602;0;0
1429000;Powiat sokołowski;53 804;51 725;0;0
1429011;Sokołów Podlaski (1);18 945;18 551;0;0
1429022;Bielany (2);3 609;3 565;0;0
1429032;Ceranów (2);2 169;1 951;0;0
1429042;Jabłonna Lacka (2);4 417;4 342;0;0
1429053;Kosów Lacki (3);5 947;5 583;0;0
1429054;Kosów Lacki - miasto (4);2 087;2 007;0;0
1429055;Kosów Lacki - obszar wiejski (5);3 860;3 576;0;0
1429062;Repki (2);5 173;4 800;0;0
1429072;Sabnie (2);3 636;3 471;0;0
1429082;Sokołów Podlaski (2);6 019;5 886;0;0
1429092;Sterdyń (2);3 889;3 576;0;0
1430000;Powiat szydłowiecki;39 672;38 334;0;0
1430012;Chlewiska (2);5 911;5 658;0;0
1430022;Jastrząb (2);5 196;5 135;0;0
1430032;Mirów (2);3 898;3 784;0;0
1430042;Orońsko (2);5 969;5 993;0;0
1430053;Szydłowiec (3);18 698;17 764;0;0
1430054;Szydłowiec - miasto (4);11 687;10 999;0;0
1430055;Szydłowiec - obszar wiejski (5);7 011;6 765;0;0
1432000;Powiat warszawski zachodni;118 613;129 926;0;0
1432013;Błonie (3);21 565;22 108;0;0
1432014;Błonie - miasto (4);12 195;12 177;0;0
1432015;Błonie - obszar wiejski (5);9 370;9 931;0;0
1432022;Izabelin (2);10 572;10 713;0;0
1432032;Kampinos (2);4 347;4 468;0;0
1432042;Leszno (2);10 207;10 876;0;0
1432053;Łomianki (3);27 203;30 462;0;0
1432054;Łomianki - miasto (4);17 042;18 106;0;0
1432055;Łomianki - obszar wiejski (5);10 161;12 356;0;0
1432063;Ożarów Mazowiecki (3);25 440;29 428;0;0
1432064;Ożarów Mazowiecki - miasto (4);11 938;14 274;0;0
1432065;Ożarów Mazowiecki - obszar wiejski (5);13 502;15 154;0;0
1432072;Stare Babice (2);19 279;21 871;0;0
1433000;Powiat węgrowski;65 822;63 343;0;0
1433011;Węgrów (1);12 583;12 007;0;0
1433022;Grębków (2);4 443;4 309;0;0
1433032;Korytnica (2);6 218;5 705;0;0
1433042;Liw (2);7 344;7 266;0;0
1433053;Łochów (3);17 899;17 539;0;0
1433054;Łochów - miasto (4);6 838;6 706;0;0
1433055;Łochów - obszar wiejski (5);11 061;10 833;0;0
1433062;Miedzna (2);3 812;3 701;0;0
1433072;Sadowne (2);5 828;5 605;0;0
1433082;Stoczek (2);4 945;4 662;0;0
1433092;Wierzbno (2);2 750;2 549;0;0
1434000;Powiat wołomiński;249 299;267 541;0;0
1434011;Kobyłka (1);24 414;26 933;0;0
1434021;Marki (1);35 461;41 905;0;0
1434031;Ząbki (1);37 818;43 455;0;0
1434041;Zielonka (1);17 560;18 204;0;0
1434052;Dąbrówka (2);8 150;8 453;0;0
1434062;Jadów (2);7 462;7 216;0;0
1434072;Klembów (2);9 968;10 696;0;0
1434082;Poświętne (2);6 249;6 384;0;0
1434093;Radzymin (3);27 504;29 898;0;0
1434094;Radzymin - miasto (4);13 118;14 256;0;0
1434095;Radzymin - obszar wiejski (5);14 386;15 642;0;0
1434102;Strachówka (2);2 720;2 662;0;0
1434113;Tłuszcz (3);20 109;20 095;0;0
1434114;Tłuszcz - miasto (4);8 196;8 056;0;0
1434115;Tłuszcz - obszar wiejski (5);11 913;12 039;0;0
1434123;Wołomin (3);51 884;51 640;0;0
1434124;Wołomin - miasto (4);37 056;36 419;0;0
1434125;Wołomin - obszar wiejski (5);14 828;15 221;0;0
1435000;Powiat wyszkowski;74 220;73 854;0;0
1435012;Brańszczyk (2);8 252;8 274;0;0
1435022;Długosiodło (2);7 779;7 568;0;0
1435032;Rząśnik (2);7 004;6 858;0;0
1435042;Somianka (2);5 605;5 643;0;0
1435053;Wyszków (3);39 637;39 409;0;0
1435054;Wyszków - miasto (4);26 997;26 381;0;0
1435055;Wyszków - obszar wiejski (5);12 640;13 028;0;0
1435062;Zabrodzie (2);5 943;6 102;0;0
1436000;Powiat zwoleński;36 166;35 079;0;0
1436012;Kazanów (2);4 504;4 370;0;0
1436022;Policzna (2);5 473;5 303;0;0
1436032;Przyłęk (2);6 154;5 959;0;0
1436042;Tczów (2);4 910;4 835;0;0
1436053;Zwoleń (3);15 125;14 612;0;0
1436054;Zwoleń - miasto (4);7 715;7 435;0;0
1436055;Zwoleń - obszar wiejski (5);7 410;7 177;0;0
1437000;Powiat żuromiński;38 515;36 776;0;0
1437013;Bieżuń (3);4 973;4 725;0;0
1437014;Bieżuń - miasto (4);1 850;1 764;0;0
1437015;Bieżuń - obszar wiejski (5);3 123;2 961;0;0
1437022;Kuczbork-Osada (2);4 714;4 418;0;0
1437033;Lubowidz (3);6 849;6 508;0;0
1437034;Lubowidz - miasto (4);1 651;1 594;0;0
1437035;Lubowidz - obszar wiejski (5);5 198;4 914;0;0
1437042;Lutocin (2);4 236;4 100;0;0
1437052;Siemiątkowo (2);3 439;3 289;0;0
1437063;Żuromin (3);14 304;13 736;0;0
1437064;Żuromin - miasto (4);8 816;8 638;0;0
1437065;Żuromin - obszar wiejski (5);5 488;5 098;0;0
1438000;Powiat żyrardowski;75 749;76 141;0;0
1438011;Żyrardów (1);39 828;39 481;0;0
1438023;Mszczonów (3);11 525;11 486;0;0
1438024;Mszczonów - miasto (4);6 343;6 264;0;0
1438025;Mszczonów - obszar wiejski (5);5 182;5 222;0;0
1438032;Puszcza Mariańska (2);8 661;8 796;0;0
1438042;Radziejowice (2);5 855;6 227;0;0
1438052;Wiskitki (2);9 880;10 151;0;0
1461000;Powiat m. Ostrołęka;0;0;52 055;49 913
1461011;Ostrołęka (1);0;0;52 055;49 913
1462000;Powiat m. Płock;0;0;119 425;114 974
1462011;Płock (1);0;0;119 425;114 974
1463000;Powiat m. Radom;0;0;211 371;202 259
1463011;Radom (1);0;0;211 371;202 259
1464000;Powiat m. Siedlce;0;0;78 185;76 471
1464011;Siedlce (1);0;0;78 185;76 471
1465000;Powiat m. st. Warszawa;0;0;1 790 658;1 861 774
1465011;M.st.Warszawa od 2002 (1);0;0;1 790 658;1 861 774
1465028;Bemowo - dzielnica (8);0;0;125 119;129 374
1465038;Białołęka - dzielnica (8);0;0;129 106;150 367
1465048;Bielany - dzielnica (8);0;0;131 592;134 813
1465058;Mokotów - dzielnica (8);0;0;218 265;227 160
1465068;Ochota - dzielnica (8);0;0;82 484;79 576
1465078;Praga-Południe - dzielnica (8);0;0;180 789;187 645
1465088;Praga-Północ - dzielnica (8);0;0;63 481;61 546
1465098;Rembertów - dzielnica (8);0;0;24 513;24 834
1465108;Śródmieście - dzielnica (8);0;0;113 713;103 649
1465118;Targówek - dzielnica (8);0;0;124 992;125 036
1465128;Ursus - dzielnica (8);0;0;61 312;66 543
1465138;Ursynów - dzielnica (8);0;0;151 304;152 807
1465148;Wawer - dzielnica (8);0;0;78 244;85 673
1465158;Wesoła - dzielnica (8);0;0;25 798;26 124
1465168;Wilanów - dzielnica (8);0;0;42 134;50 182
1465178;Włochy - dzielnica (8);0;0;43 613;48 739
1465188;Wola - dzielnica (8);0;0;141 407;151 052
1465198;Żoliborz - dzielnica (8);0;0;52 792;56 654
1600000;OPOLSKIE;854 591;828 304;128 035;127 540
1601000;Powiat brzeski;89 804;88 032;0;0
1601011;Brzeg (1);35 709;34 629;0;0
1601022;Skarbimierz (2);8 217;8 457;0;0
1601033;Grodków (3);19 087;18 441;0;0
1601034;Grodków - miasto (4);8 570;8 240;0;0
1601035;Grodków - obszar wiejski (5);10 517;10 201;0;0
1601043;Lewin Brzeski (3);12 940;12 723;0;0
1601044;Lewin Brzeski - miasto (4);5 722;5 682;0;0
1601045;Lewin Brzeski - obszar wiejski (5);7 218;7 041;0;0
1601052;Lubsza (2);8 984;8 999;0;0
1601062;Olszanka (2);4 867;4 783;0;0
1602000;Powiat głubczycki;45 552;43 972;0;0
1602013;Baborów (3);5 976;5 836;0;0
1602014;Baborów - miasto (4);2 920;2 883;0;0
1602015;Baborów - obszar wiejski (5);3 056;2 953;0;0
1602022;Branice (2);6 474;6 381;0;0
1602033;Głubczyce (3);22 280;21 468;0;0
1602034;Głubczyce - miasto (4);12 521;12 117;0;0
1602035;Głubczyce - obszar wiejski (5);9 759;9 351;0;0
1602043;Kietrz (3);10 822;10 287;0;0
1602044;Kietrz - miasto (4);5 951;5 663;0;0
1602045;Kietrz - obszar wiejski (5);4 871;4 624;0;0
1603000;Powiat kędzierzyńsko-kozielski;93 880;89 355;0;0
1603011;Kędzierzyn-Koźle (1);60 641;57 148;0;0
1603022;Bierawa (2);7 912;7 537;0;0
1603032;Cisek (2);5 593;5 465;0;0
1603042;Pawłowiczki (2);7 426;7 198;0;0
1603052;Polska Cerekiew (2);4 013;3 866;0;0
1603062;Reńska Wieś (2);8 295;8 141;0;0
1604000;Powiat kluczborski;65 470;62 890;0;0
1604013;Byczyna (3);9 221;8 929;0;0
1604014;Byczyna - miasto (4);3 534;3 499;0;0
1604015;Byczyna - obszar wiejski (5);5 687;5 430;0;0
1604023;Kluczbork (3);35 938;34 788;0;0
1604024;Kluczbork - miasto (4);23 480;22 747;0;0
1604025;Kluczbork - obszar wiejski (5);12 458;12 041;0;0
1604032;Lasowice Wielkie (2);6 827;6 459;0;0
1604043;Wołczyn (3);13 484;12 714;0;0
1604044;Wołczyn - miasto (4);5 884;5 570;0;0
1604045;Wołczyn - obszar wiejski (5);7 600;7 144;0;0
1605000;Powiat krapkowicki;63 747;60 705;0;0
1605013;Gogolin (3);12 662;11 736;0;0
1605014;Gogolin - miasto (4);6 734;6 420;0;0
1605015;Gogolin - obszar wiejski (5);5 928;5 316;0;0
1605023;Krapkowice (3);22 568;22 072;0;0
1605024;Krapkowice - miasto (4);16 222;15 827;0;0
1605025;Krapkowice - obszar wiejski (5);6 346;6 245;0;0
1605032;Strzeleczki (2);7 398;7 241;0;0
1605042;Walce (2);5 397;5 245;0;0
1605053;Zdzieszowice (3);15 722;14 411;0;0
1605054;Zdzieszowice - miasto (4);11 449;10 418;0;0
1605055;Zdzieszowice - obszar wiejski (5);4 273;3 993;0;0
1606000;Powiat namysłowski;42 634;42 393;0;0
1606012;Domaszowice (2);3 569;3 489;0;0
1606023;Namysłów (3);26 172;26 375;0;0
1606024;Namysłów - miasto (4);16 596;16 945;0;0
1606025;Namysłów - obszar wiejski (5);9 576;9 430;0;0
1606032;Pokój (2);5 178;5 090;0;0
1606042;Świerczów (2);3 330;3 139;0;0
1606052;Wilków (2);4 385;4 300;0;0
1607000;Powiat nyski;135 948;132 011;0;0
1607013;Głuchołazy (3);23 643;23 071;0;0
1607014;Głuchołazy - miasto (4);13 503;13 207;0;0
1607015;Głuchołazy - obszar wiejski (5);10 140;9 864;0;0
1607022;Kamiennik (2);3 444;3 276;0;0
1607033;Korfantów (3);8 734;8 560;0;0
1607034;Korfantów - miasto (4);1 793;1 738;0;0
1607035;Korfantów - obszar wiejski (5);6 941;6 822;0;0
1607042;Łambinowice (2);7 441;7 396;0;0
1607053;Nysa (3);56 951;55 304;0;0
1607054;Nysa - miasto (4);43 681;42 306;0;0
1607055;Nysa - obszar wiejski (5);13 270;12 998;0;0
1607063;Otmuchów (3);13 501;13 096;0;0
1607064;Otmuchów - miasto (4);6 552;6 358;0;0
1607065;Otmuchów - obszar wiejski (5);6 949;6 738;0;0
1607073;Paczków (3);12 535;11 884;0;0
1607074;Paczków - miasto (4);7 464;6 960;0;0
1607075;Paczków - obszar wiejski (5);5 071;4 924;0;0
1607082;Pakosławice (2);3 500;3 440;0;0
1607092;Skoroszyce (2);6 199;5 984;0;0
1608000;Powiat oleski;64 293;62 311;0;0
1608013;Dobrodzień (3);9 838;9 247;0;0
1608014;Dobrodzień - miasto (4);3 690;3 500;0;0
1608015;Dobrodzień - obszar wiejski (5);6 148;5 747;0;0
1608023;Gorzów Śląski (3);7 131;7 075;0;0
1608024;Gorzów Śląski - miasto (4);2 467;2 437;0;0
1608025;Gorzów Śląski - obszar wiejski (5);4 664;4 638;0;0
1608033;Olesno (3);17 763;17 335;0;0
1608034;Olesno - miasto (4);9 407;9 135;0;0
1608035;Olesno - obszar wiejski (5);8 356;8 200;0;0
1608043;Praszka (3);13 472;13 167;0;0
1608044;Praszka - miasto (4);7 602;7 373;0;0
1608045;Praszka - obszar wiejski (5);5 870;5 794;0;0
1608052;Radłów (2);4 299;4 138;0;0
1608062;Rudniki (2);8 159;7 832;0;0
1608072;Zębowice (2);3 631;3 517;0;0
1609000;Powiat opolski;123 726;121 082;0;0
1609012;Chrząstowice (2);7 013;6 975;0;0
1609022;Dąbrowa (2);8 269;8 117;0;0
1609032;Dobrzeń Wielki (2);9 478;9 174;0;0
1609042;Komprachcice (2);9 120;9 249;0;0
1609052;Łubniany (2);9 872;9 940;0;0
1609062;Murów (2);5 298;5 174;0;0
1609073;Niemodlin (3);13 162;12 894;0;0
1609074;Niemodlin - miasto (4);6 279;6 107;0;0
1609075;Niemodlin - obszar wiejski (5);6 883;6 787;0;0
1609083;Ozimek (3);19 543;18 642;0;0
1609084;Ozimek - miasto (4);8 603;8 246;0;0
1609085;Ozimek - obszar wiejski (5);10 940;10 396;0;0
1609092;Popielów (2);8 029;7 792;0;0
1609103;Prószków (3);9 091;8 822;0;0
1609104;Prószków - miasto (4);2 596;2 538;0;0
1609105;Prószków - obszar wiejski (5);6 495;6 284;0;0
1609112;Tarnów Opolski (2);9 628;9 399;0;0
1609123;Tułowice (3);5 205;5 025;0;0
1609124;Tułowice - miasto (4);4 027;3 763;0;0
1609125;Tułowice - obszar wiejski (5);1 178;1 262;0;0
1609132;Turawa (2);10 018;9 879;0;0
1610000;Powiat prudnicki;55 237;53 171;0;0
1610013;Biała (3);10 565;10 181;0;0
1610014;Biała - miasto (4);2 414;2 358;0;0
1610015;Biała - obszar wiejski (5);8 151;7 823;0;0
1610023;Głogówek (3);13 221;12 990;0;0
1610024;Głogówek - miasto (4);5 585;5 650;0;0
1610025;Głogówek - obszar wiejski (5);7 636;7 340;0;0
1610032;Lubrza (2);4 342;4 202;0;0
1610043;Prudnik (3);27 109;25 798;0;0
1610044;Prudnik - miasto (4);20 989;19 829;0;0
1610045;Prudnik - obszar wiejski (5);6 120;5 969;0;0
1611000;Powiat strzelecki;74 300;72 382;0;0
1611012;Izbicko (2);5 412;5 203;0;0
1611022;Jemielnica (2);7 236;7 000;0;0
1611033;Kolonowskie (3);5 874;5 699;0;0
1611034;Kolonowskie - miasto (4);3 294;3 167;0;0
1611035;Kolonowskie - obszar wiejski (5);2 580;2 532;0;0
1611043;Leśnica (3);7 550;7 601;0;0
1611044;Leśnica - miasto (4);2 555;2 607;0;0
1611045;Leśnica - obszar wiejski (5);4 995;4 994;0;0
1611053;Strzelce Opolskie (3);30 515;29 781;0;0
1611054;Strzelce Opolskie - miasto (4);17 835;17 557;0;0
1611055;Strzelce Opolskie - obszar wiejski (5);12 680;12 224;0;0
1611063;Ujazd (3);6 409;6 363;0;0
1611064;Ujazd - miasto (4);1 737;1 776;0;0
1611065;Ujazd - obszar wiejski (5);4 672;4 587;0;0
1611073;Zawadzkie (3);11 304;10 735;0;0
1611074;Zawadzkie - miasto (4);7 107;6 676;0;0
1611075;Zawadzkie - obszar wiejski (5);4 197;4 059;0;0
1661000;Powiat m. Opole;0;0;128 035;127 540
1661011;Opole (1);0;0;128 035;127 540
1800000;PODKARPACKIE;1 777 231;1 752 948;349 933;343 218
1801000;Powiat bieszczadzki;21 664;21 087;0;0
1801032;Czarna (2);2 389;2 376;0;0
1801052;Lutowiska (2);2 060;2 031;0;0
1801083;Ustrzyki Dolne (3);17 215;16 680;0;0
1801084;Ustrzyki Dolne - miasto (4);9 041;8 762;0;0
1801085;Ustrzyki Dolne - obszar wiejski (5);8 174;7 918;0;0
1802000;Powiat brzozowski;65 567;64 304;0;0
1802013;Brzozów (3);26 599;26 271;0;0
1802014;Brzozów - miasto (4);7 438;7 379;0;0
1802015;Brzozów - obszar wiejski (5);19 161;18 892;0;0
1802022;Domaradz (2);6 100;5 877;0;0
1802032;Dydnia (2);7 914;7 702;0;0
1802042;Haczów (2);9 113;9 087;0;0
1802052;Jasienica Rosielna (2);7 845;7 658;0;0
1802062;Nozdrzec (2);7 996;7 709;0;0
1803000;Powiat dębicki;135 299;133 915;0;0
1803011;Dębica (1);45 504;44 192;0;0
1803023;Brzostek (3);13 010;12 865;0;0
1803024;Brzostek - miasto (4);2 746;2 711;0;0
1803025;Brzostek - obszar wiejski (5);10 264;10 154;0;0
1803032;Czarna (2);13 137;13 402;0;0
1803042;Dębica (2);25 849;25 693;0;0
1803052;Jodłowa (2);5 359;5 288;0;0
1803063;Pilzno (3);18 250;18 143;0;0
1803064;Pilzno - miasto (4);4 927;4 942;0;0
1803065;Pilzno - obszar wiejski (5);13 323;13 201;0;0
1803072;Żyraków (2);14 190;14 332;0;0
1804000;Powiat jarosławski;120 247;117 823;0;0
1804011;Jarosław (1);37 479;36 448;0;0
1804021;Radymno (1);5 273;5 125;0;0
1804032;Chłopice (2);5 535;5 385;0;0
1804042;Jarosław (2);13 213;13 156;0;0
1804052;Laszki (2);6 922;6 700;0;0
1804062;Pawłosiów (2);8 450;8 454;0;0
1804073;Pruchnik (3);9 681;9 415;0;0
1804074;Pruchnik - miasto (4);3 745;3 635;0;0
1804075;Pruchnik - obszar wiejski (5);5 936;5 780;0;0
1804082;Radymno (2);11 395;11 053;0;0
1804092;Rokietnica (2);4 349;4 261;0;0
1804102;Roźwienica (2);6 235;6 172;0;0
1804112;Wiązownica (2);11 715;11 654;0;0
1805000;Powiat jasielski;113 450;111 035;0;0
1805011;Jasło (1);34 882;33 962;0;0
1805022;Brzyska (2);6 530;6 408;0;0
1805032;Dębowiec (2);8 867;8 794;0;0
1805042;Jasło (2);16 357;16 093;0;0
1805053;Kołaczyce (3);8 929;8 739;0;0
1805054;Kołaczyce - miasto (4);1 400;1 386;0;0
1805055;Kołaczyce - obszar wiejski (5);7 529;7 353;0;0
1805062;Krempna (2);1 861;1 769;0;0
1805072;Nowy Żmigród (2);9 009;8 843;0;0
1805082;Osiek Jasielski (2);5 372;5 240;0;0
1805092;Skołyszyn (2);12 475;12 175;0;0
1805112;Tarnowiec (2);9 168;9 012;0;0
1806000;Powiat kolbuszowski;62 246;61 926;0;0
1806012;Cmolas (2);8 093;8 090;0;0
1806023;Kolbuszowa (3);24 724;24 497;0;0
1806024;Kolbuszowa - miasto (4);9 004;8 729;0;0
1806025;Kolbuszowa - obszar wiejski (5);15 720;15 768;0;0
1806032;Majdan Królewski (2);9 818;9 759;0;0
1806042;Niwiska (2);6 091;6 186;0;0
1806052;Raniżów (2);7 036;7 002;0;0
1806062;Dzikowiec (2);6 484;6 392;0;0
1807000;Powiat krośnieński;112 283;110 184;0;0
1807012;Chorkówka (2);13 464;13 517;0;0
1807023;Dukla (3);14 554;14 121;0;0
1807024;Dukla - miasto (4);2 070;2 043;0;0
1807025;Dukla - obszar wiejski (5);12 484;12 078;0;0
1807033;Iwonicz-Zdrój (3);10 886;10 509;0;0
1807034;Iwonicz-Zdrój - miasto (4);1 789;1 628;0;0
1807035;Iwonicz-Zdrój - obszar wiejski (5);9 097;8 881;0;0
1807043;Jedlicze (3);15 432;15 091;0;0
1807044;Jedlicze - miasto (4);5 717;5 599;0;0
1807045;Jedlicze - obszar wiejski (5);9 715;9 492;0;0
1807052;Korczyna (2);11 207;11 176;0;0
1807062;Krościenko Wyżne (2);5 613;5 450;0;0
1807072;Miejsce Piastowe (2);13 691;13 431;0;0
1807083;Rymanów (3);15 922;15 537;0;0
1807084;Rymanów - miasto (4);3 816;3 645;0;0
1807085;Rymanów - obszar wiejski (5);12 106;11 892;0;0
1807092;Wojaszówka (2);9 329;9 250;0;0
1807102;Jaśliska (2);2 185;2 102;0;0
1808000;Powiat leżajski;69 370;67 896;0;0
1808011;Leżajsk (1);13 799;13 212;0;0
1808022;Grodzisko Dolne (2);8 026;7 853;0;0
1808032;Kuryłówka (2);5 709;5 627;0;0
1808042;Leżajsk (2);20 257;20 020;0;0
1808053;Nowa Sarzyna (3);21 579;21 184;0;0
1808054;Nowa Sarzyna - miasto (4);5 798;5 615;0;0
1808055;Nowa Sarzyna - obszar wiejski (5);15 781;15 569;0;0
1809000;Powiat lubaczowski;55 217;53 914;0;0
1809011;Lubaczów (1);11 970;11 674;0;0
1809023;Cieszanów (3);7 141;6 946;0;0
1809024;Cieszanów - miasto (4);1 909;1 878;0;0
1809025;Cieszanów - obszar wiejski (5);5 232;5 068;0;0
1809032;Horyniec-Zdrój (2);4 659;4 485;0;0
1809042;Lubaczów (2);9 187;9 045;0;0
1809053;Narol (3);7 967;7 714;0;0
1809054;Narol - miasto (4);2 046;2 036;0;0
1809055;Narol - obszar wiejski (5);5 921;5 678;0;0
1809063;Oleszyce (3);6 332;6 226;0;0
1809064;Oleszyce - miasto (4);2 968;2 885;0;0
1809065;Oleszyce - obszar wiejski (5);3 364;3 341;0;0
1809072;Stary Dzików (2);4 143;4 121;0;0
1809082;Wielkie Oczy (2);3 818;3 703;0;0
1810000;Powiat łańcucki;81 049;81 007;0;0
1810011;Łańcut (1);17 711;17 771;0;0
1810022;Białobrzegi (2);8 725;8 689;0;0
1810032;Czarna (2);11 816;11 993;0;0
1810042;Łańcut (2);21 921;21 822;0;0
1810052;Markowa (2);6 481;6 399;0;0
1810062;Rakszawa (2);7 359;7 285;0;0
1810072;Żołynia (2);7 036;7 048;0;0
1811000;Powiat mielecki;136 660;134 329;0;0
1811011;Mielec (1);60 323;58 362;0;0
1811022;Borowa (2);5 541;5 335;0;0
1811032;Czermin (2);7 059;7 031;0;0
1811042;Gawłuszowice (2);2 727;2 725;0;0
1811052;Mielec (2);13 389;13 568;0;0
1811062;Padew Narodowa (2);5 381;5 234;0;0
1811073;Przecław (3);12 003;11 999;0;0
1811074;Przecław - miasto (4);1 781;1 793;0;0
1811075;Przecław - obszar wiejski (5);10 222;10 206;0;0
1811083;Radomyśl Wielki (3);14 292;14 202;0;0
1811084;Radomyśl Wielki - miasto (4);3 226;3 321;0;0
1811085;Radomyśl Wielki - obszar wiejski (5);11 066;10 881;0;0
1811092;Tuszów Narodowy (2);8 222;8 275;0;0
1811102;Wadowice Górne (2);7 723;7 598;0;0
1812000;Powiat niżański;66 589;64 957;0;0
1812012;Harasiuki (2);6 074;5 866;0;0
1812022;Jarocin (2);5 372;5 175;0;0
1812032;Jeżowe (2);10 096;9 921;0;0
1812042;Krzeszów (2);4 261;4 157;0;0
1812053;Nisko (3);22 358;21 759;0;0
1812054;Nisko - miasto (4);15 331;14 904;0;0
1812055;Nisko - obszar wiejski (5);7 027;6 855;0;0
1812063;Rudnik nad Sanem (3);10 173;10 026;0;0
1812064;Rudnik nad Sanem - miasto (4);6 754;6 588;0;0
1812065;Rudnik nad Sanem - obszar wiejski (5);3 419;3 438;0;0
1812073;Ulanów (3);8 255;8 053;0;0
1812074;Ulanów - miasto (4);1 446;1 410;0;0
1812075;Ulanów - obszar wiejski (5);6 809;6 643;0;0
1813000;Powiat przemyski;74 061;72 100;0;0
1813012;Bircza (2);6 539;6 052;0;0
1813022;Dubiecko (2);9 143;8 940;0;0
1813032;Fredropol (2);5 497;5 270;0;0
1813042;Krasiczyn (2);5 144;5 102;0;0
1813052;Krzywcza (2);4 820;4 605;0;0
1813062;Medyka (2);6 542;6 315;0;0
1813072;Orły (2);8 894;8 601;0;0
1813082;Przemyśl (2);10 650;10 712;0;0
1813092;Stubno (2);3 864;3 754;0;0
1813102;Żurawica (2);12 968;12 749;0;0
1814000;Powiat przeworski;78 362;76 778;0;0
1814011;Przeworsk (1);15 291;14 929;0;0
1814022;Adamówka (2);4 057;4 092;0;0
1814032;Gać (2);4 627;4 545;0;0
1814042;Jawornik Polski (2);4 456;4 329;0;0
1814053;Kańczuga (3);12 307;11 931;0;0
1814054;Kańczuga - miasto (4);3 163;3 001;0;0
1814055;Kańczuga - obszar wiejski (5);9 144;8 930;0;0
1814062;Przeworsk (2);14 863;14 675;0;0
1814073;Sieniawa (3);7 041;6 836;0;0
1814074;Sieniawa - miasto (4);2 149;2 039;0;0
1814075;Sieniawa - obszar wiejski (5);4 892;4 797;0;0
1814082;Tryńcza (2);8 491;8 471;0;0
1814092;Zarzecze (2);7 229;6 970;0;0
1815000;Powiat ropczycko-sędziszowski;74 515;74 023;0;0
1815012;Iwierzyce (2);7 735;7 718;0;0
1815022;Ostrów (2);7 358;7 324;0;0
1815033;Ropczyce (3);27 487;27 221;0;0
1815034;Ropczyce - miasto (4);15 860;15 796;0;0
1815035;Ropczyce - obszar wiejski (5);11 627;11 425;0;0
1815043;Sędziszów Małopolski (3);23 784;23 883;0;0
1815044;Sędziszów Małopolski - miasto (4);12 350;12 342;0;0
1815045;Sędziszów Małopolski - obszar wiejski (5);11 434;11 541;0;0
1815052;Wielopole Skrzyńskie (2);8 151;7 877;0;0
1816000;Powiat rzeszowski;169 438;174 049;0;0
1816011;Dynów (1);6 120;6 078;0;0
1816023;Błażowa (3);10 833;10 851;0;0
1816024;Błażowa - miasto (4);2 144;2 117;0;0
1816025;Błażowa - obszar wiejski (5);8 689;8 734;0;0
1816033;Boguchwała (3);20 766;21 762;0;0
1816034;Boguchwała - miasto (4);6 184;6 195;0;0
1816035;Boguchwała - obszar wiejski (5);14 582;15 567;0;0
1816042;Chmielnik (2);6 945;7 310;0;0
1816052;Dynów (2);6 893;6 736;0;0
1816063;Głogów Małopolski (3);19 658;20 426;0;0
1816064;Głogów Małopolski - miasto (4);6 717;9 106;0;0
1816065;Głogów Małopolski - obszar wiejski (5);12 941;11 320;0;0
1816072;Hyżne (2);7 062;6 956;0;0
1816082;Kamień (2);6 860;6 877;0;0
1816092;Krasne (2);11 558;12 427;0;0
1816102;Lubenia (2);6 439;6 587;0;0
1816113;Sokołów Małopolski (3);17 244;17 338;0;0
1816114;Sokołów Małopolski - miasto (4);4 203;4 261;0;0
1816115;Sokołów Małopolski - obszar wiejski (5);13 041;13 077;0;0
1816122;Świlcza (2);16 265;16 406;0;0
1816132;Trzebownisko (2);22 296;23 183;0;0
1816143;Tyczyn (3);10 499;11 112;0;0
1816144;Tyczyn - miasto (4);3 871;4 302;0;0
1816145;Tyczyn - obszar wiejski (5);6 628;6 810;0;0
1817000;Powiat sanocki;94 385;91 818;0;0
1817011;Sanok (1);37 359;35 713;0;0
1817022;Besko (2);4 508;4 423;0;0
1817032;Bukowsko (2);5 495;5 379;0;0
1817042;Komańcza (2);4 541;4 333;0;0
1817052;Sanok (2);18 086;18 091;0;0
1817062;Tyrawa Wołoska (2);1 978;1 977;0;0
1817073;Zagórz (3);13 126;12 892;0;0
1817074;Zagórz - miasto (4);5 120;5 083;0;0
1817075;Zagórz - obszar wiejski (5);8 006;7 809;0;0
1817082;Zarszyn (2);9 292;9 010;0;0
1818000;Powiat stalowowolski;106 037;103 563;0;0
1818011;Stalowa Wola (1);60 466;57 882;0;0
1818022;Bojanów (2);7 602;7 579;0;0
1818032;Pysznica (2);11 194;11 522;0;0
1818042;Radomyśl nad Sanem (2);7 311;7 300;0;0
1818053;Zaklików (3);8 516;8 261;0;0
1818054;Zaklików - miasto (4);2 955;2 849;0;0
1818055;Zaklików - obszar wiejski (5);5 561;5 412;0;0
1818062;Zaleszany (2);10 948;11 019;0;0
1819000;Powiat strzyżowski;61 386;60 350;0;0
1819012;Czudec (2);11 808;11 660;0;0
1819022;Frysztak (2);10 361;10 229;0;0
1819032;Niebylec (2);10 541;10 456;0;0
1819043;Strzyżów (3);20 677;20 213;0;0
1819044;Strzyżów - miasto (4);8 831;8 621;0;0
1819045;Strzyżów - obszar wiejski (5);11 846;11 592;0;0
1819052;Wiśniowa (2);7 999;7 792;0;0
1820000;Powiat tarnobrzeski;52 965;51 919;0;0
1820013;Baranów Sandomierski (3);11 852;11 571;0;0
1820014;Baranów Sandomierski - miasto (4);1 459;1 420;0;0
1820015;Baranów Sandomierski - obszar wiejski (5);10 393;10 151;0;0
1820022;Gorzyce (2);13 102;12 965;0;0
1820032;Grębów (2);9 984;9 982;0;0
1820043;Nowa Dęba (3);18 027;17 401;0;0
1820044;Nowa Dęba - miasto (4);11 109;10 647;0;0
1820045;Nowa Dęba - obszar wiejski (5);6 918;6 754;0;0
1821000;Powiat leski;26 441;25 971;0;0
1821012;Baligród (2);3 161;3 083;0;0
1821022;Cisna (2);1 740;1 710;0;0
1821033;Lesko (3);11 319;11 038;0;0
1821034;Lesko - miasto (4);5 432;5 274;0;0
1821035;Lesko - obszar wiejski (5);5 887;5 764;0;0
1821042;Olszanica (2);4 894;4 815;0;0
1821052;Solina (2);5 327;5 325;0;0
1861000;Powiat m. Krosno;0;0;46 291;45 165
1861011;Krosno (1);0;0;46 291;45 165
1862000;Powiat m. Przemyśl;0;0;60 689;58 625
1862011;Przemyśl (1);0;0;60 689;58 625
1863000;Powiat m. Rzeszów;0;0;196 208;194 374
1863011;Rzeszów (1);0;0;196 208;194 374
1864000;Powiat m. Tarnobrzeg;0;0;46 745;45 054
1864011;Tarnobrzeg (1);0;0;46 745;45 054
2000000;PODLASKIE;748 096;731 618;430 257;424 973
2001000;Powiat augustowski;58 068;55 927;0;0
2001011;Augustów (1);30 153;29 556;0;0
2001022;Augustów (2);6 759;6 510;0;0
2001032;Bargłów Kościelny (2);5 496;5 152;0;0
2001043;Lipsk (3);5 059;4 678;0;0
2001044;Lipsk - miasto (4);2 310;2 168;0;0
2001045;Lipsk - obszar wiejski (5);2 749;2 510;0;0
2001052;Nowinka (2);2 953;2 896;0;0
2001062;Płaska (2);2 583;2 415;0;0
2001072;Sztabin (2);5 065;4 720;0;0
2002000;Powiat białostocki;149 611;153 874;0;0
2002013;Choroszcz (3);15 528;16 807;0;0
2002014;Choroszcz - miasto (4);5 908;5 962;0;0
2002015;Choroszcz - obszar wiejski (5);9 620;10 845;0;0
2002023;Czarna Białostocka (3);11 314;11 059;0;0
2002024;Czarna Białostocka - miasto (4);9 279;8 977;0;0
2002025;Czarna Białostocka - obszar wiejski (5);2 035;2 082;0;0
2002032;Dobrzyniewo Duże (2);9 423;9 941;0;0
2002042;Gródek (2);5 141;4 992;0;0
2002052;Juchnowiec Kościelny (2);16 572;17 839;0;0
2002063;Łapy (3);21 848;20 886;0;0
2002064;Łapy - miasto (4);15 541;14 839;0;0
2002065;Łapy - obszar wiejski (5);6 307;6 047;0;0
2002073;Michałowo (3);6 565;6 142;0;0
2002074;Michałowo - miasto (4);3 011;2 841;0;0
2002075;Michałowo - obszar wiejski (5);3 554;3 301;0;0
2002082;Poświętne (2);3 364;3 211;0;0
2002093;Supraśl (3);15 676;16 922;0;0
2002094;Supraśl - miasto (4);4 610;4 437;0;0
2002095;Supraśl - obszar wiejski (5);11 066;12 485;0;0
2002103;Suraż (3);1 967;1 945;0;0
2002104;Suraż - miasto (4);991;977;0;0
2002105;Suraż - obszar wiejski (5);976;968;0;0
2002112;Turośń Kościelna (2);6 411;6 756;0;0
2002123;Tykocin (3);6 194;5 892;0;0
2002124;Tykocin - miasto (4);1 968;1 921;0;0
2002125;Tykocin - obszar wiejski (5);4 226;3 971;0;0
2002133;Wasilków (3);17 560;19 184;0;0
2002134;Wasilków - miasto (4);11 622;12 113;0;0
2002135;Wasilków - obszar wiejski (5);5 938;7 071;0;0
2002143;Zabłudów (3);9 331;9 737;0;0
2002144;Zabłudów - miasto (4);2 482;2 485;0;0
2002145;Zabłudów - obszar wiejski (5);6 849;7 252;0;0
2002152;Zawady (2);2 717;2 561;0;0
2003000;Powiat bielski;54 353;52 658;0;0
2003011;Bielsk Podlaski (1);25 262;24 739;0;0
2003021;Brańsk (1);3 753;3 604;0;0
2003032;Bielsk Podlaski (2);6 606;6 527;0;0
2003042;Boćki (2);4 185;4 001;0;0
2003052;Brańsk (2);5 630;5 431;0;0
2003062;Orla (2);2 702;2 573;0;0
2003072;Rudka (2);1 868;1 720;0;0
2003082;Wyszki (2);4 347;4 063;0;0
2004000;Powiat grajewski;47 210;45 636;0;0
2004011;Grajewo (1);21 900;21 455;0;0
2004022;Grajewo (2);5 789;5 555;0;0
2004032;Radziłów (2);4 722;4 491;0;0
2004043;Rajgród (3);5 176;4 798;0;0
2004044;Rajgród - miasto (4);1 572;1 472;0;0
2004045;Rajgród - obszar wiejski (5);3 604;3 326;0;0
2004053;Szczuczyn (3);6 026;5 910;0;0
2004054;Szczuczyn - miasto (4);3 354;3 253;0;0
2004055;Szczuczyn - obszar wiejski (5);2 672;2 657;0;0
2004062;Wąsosz (2);3 597;3 427;0;0
2005000;Powiat hajnowski;42 610;40 678;0;0
2005011;Hajnówka (1);20 488;19 764;0;0
2005022;Białowieża (2);2 191;2 067;0;0
2005032;Czeremcha (2);3 115;2 849;0;0
2005042;Czyże (2);1 960;1 895;0;0
2005052;Dubicze Cerkiewne (2);1 484;1 405;0;0
2005062;Hajnówka (2);3 843;3 747;0;0
2005073;Kleszczele (3);2 466;2 260;0;0
2005074;Kleszczele - miasto (4);1 240;1 138;0;0
2005075;Kleszczele - obszar wiejski (5);1 226;1 122;0;0
2005082;Narew (2);3 454;3 398;0;0
2005092;Narewka (2);3 609;3 293;0;0
2006000;Powiat kolneński;38 057;36 482;0;0
2006011;Kolno (1);10 199;10 016;0;0
2006022;Grabowo (2);3 399;3 285;0;0
2006032;Kolno (2);8 525;8 073;0;0
2006042;Mały Płock (2);4 739;4 472;0;0
2006053;Stawiski (3);6 085;5 746;0;0
2006054;Stawiski - miasto (4);2 161;2 102;0;0
2006055;Stawiski - obszar wiejski (5);3 924;3 644;0;0
2006062;Turośl (2);5 110;4 890;0;0
2007000;Powiat łomżyński;50 943;50 078;0;0
2007013;Jedwabne (3);5 299;5 035;0;0
2007014;Jedwabne - miasto (4);1 615;1 706;0;0
2007015;Jedwabne - obszar wiejski (5);3 684;3 329;0;0
2007022;Łomża (2);11 162;11 720;0;0
2007032;Miastkowo (2);4 218;4 096;0;0
2007043;Nowogród (3);4 028;3 914;0;0
2007044;Nowogród - miasto (4);2 156;2 133;0;0
2007045;Nowogród - obszar wiejski (5);1 872;1 781;0;0
2007052;Piątnica (2);10 702;10 359;0;0
2007062;Przytuły (2);2 073;1 960;0;0
2007072;Śniadowo (2);5 312;5 191;0;0
2007082;Wizna (2);3 957;3 736;0;0
2007092;Zbójna (2);4 192;4 067;0;0
2008000;Powiat moniecki;40 412;38 636;0;0
2008013;Goniądz (3);4 932;4 768;0;0
2008014;Goniądz - miasto (4);1 848;1 799;0;0
2008015;Goniądz - obszar wiejski (5);3 084;2 969;0;0
2008022;Jasionówka (2);2 765;2 540;0;0
2008032;Jaświły (2);4 847;4 539;0;0
2008043;Knyszyn (3);4 750;4 607;0;0
2008044;Knyszyn - miasto (4);2 744;2 703;0;0
2008045;Knyszyn - obszar wiejski (5);2 006;1 904;0;0
2008052;Krypno (2);3 973;3 793;0;0
2008063;Mońki (3);14 874;14 309;0;0
2008064;Mońki - miasto (4);9 984;9 696;0;0
2008065;Mońki - obszar wiejski (5);4 890;4 613;0;0
2008072;Trzcianne (2);4 271;4 080;0;0
2009000;Powiat sejneński;19 914;19 266;0;0
2009011;Sejny (1);5 260;5 107;0;0
2009022;Giby (2);2 694;2 566;0;0
2009032;Krasnopol (2);3 792;3 668;0;0
2009042;Puńsk (2);4 161;4 108;0;0
2009052;Sejny (2);4 007;3 817;0;0
2010000;Powiat siemiatycki;44 193;42 337;0;0
2010011;Siemiatycze (1);14 391;13 824;0;0
2010023;Drohiczyn (3);6 222;5 951;0;0
2010024;Drohiczyn - miasto (4);1 965;1 844;0;0
2010025;Drohiczyn - obszar wiejski (5);4 257;4 107;0;0
2010032;Dziadkowice (2);2 724;2 628;0;0
2010042;Grodzisk (2);4 169;3 962;0;0
2010052;Mielnik (2);2 319;2 172;0;0
2010062;Milejczyce (2);1 710;1 711;0;0
2010072;Nurzec-Stacja (2);3 793;3 625;0;0
2010082;Perlejewo (2);2 778;2 631;0;0
2010092;Siemiatycze (2);6 087;5 833;0;0
2011000;Powiat sokólski;66 686;63 744;0;0
2011013;Dąbrowa Białostocka (3);11 336;10 639;0;0
2011014;Dąbrowa Białostocka - miasto (4);5 502;5 293;0;0
2011015;Dąbrowa Białostocka - obszar wiejski (5);5 834;5 346;0;0
2011022;Janów (2);4 098;3 850;0;0
2011032;Korycin (2);3 202;3 108;0;0
2011043;Krynki (3);3 037;2 827;0;0
2011044;Krynki - miasto (4);2 372;2 225;0;0
2011045;Krynki - obszar wiejski (5);665;602;0;0
2011052;Kuźnica (2);3 927;3 788;0;0
2011062;Nowy Dwór (2);2 618;2 325;0;0
2011072;Sidra (2);3 407;3 171;0;0
2011083;Sokółka (3);25 352;24 650;0;0
2011084;Sokółka - miasto (4);18 063;17 701;0;0
2011085;Sokółka - obszar wiejski (5);7 289;6 949;0;0
2011093;Suchowola (3);6 869;6 562;0;0
2011094;Suchowola - miasto (4);2 178;2 120;0;0
2011095;Suchowola - obszar wiejski (5);4 691;4 442;0;0
2011102;Szudziałowo (2);2 840;2 824;0;0
2012000;Powiat suwalski;35 674;35 081;0;0
2012012;Bakałarzewo (2);3 104;3 016;0;0
2012022;Filipów (2);4 292;4 091;0;0
2012032;Jeleniewo (2);3 149;3 154;0;0
2012042;Przerośl (2);2 919;2 820;0;0
2012052;Raczki (2);5 907;5 776;0;0
2012062;Rutka-Tartak (2);2 322;2 287;0;0
2012072;Suwałki (2);7 739;7 904;0;0
2012082;Szypliszki (2);3 901;3 917;0;0
2012092;Wiżajny (2);2 341;2 116;0;0
2013000;Powiat wysokomazowiecki;56 860;55 033;0;0
2013011;Wysokie Mazowieckie (1);9 341;9 177;0;0
2013023;Ciechanowiec (3);8 577;8 294;0;0
2013024;Ciechanowiec - miasto (4);4 613;4 524;0;0
2013025;Ciechanowiec - obszar wiejski (5);3 964;3 770;0;0
2013033;Czyżew (3);6 352;6 155;0;0
2013034;Czyżew - miasto (4);2 647;2 535;0;0
2013035;Czyżew - obszar wiejski (5);3 705;3 620;0;0
2013042;Klukowo (2);4 346;4 144;0;0
2013052;Kobylin-Borzymy (2);3 197;3 022;0;0
2013062;Kulesze Kościelne (2);3 072;3 006;0;0
2013072;Nowe Piekuty (2);3 861;3 668;0;0
2013082;Sokoły (2);5 743;5 412;0;0
2013093;Szepietowo (3);6 890;6 676;0;0
2013094;Szepietowo - miasto (4);2 165;2 080;0;0
2013095;Szepietowo - obszar wiejski (5);4 725;4 596;0;0
2013102;Wysokie Mazowieckie (2);5 481;5 479;0;0
2014000;Powiat zambrowski;43 505;42 188;0;0
2014011;Zambrów (1);22 018;21 400;0;0
2014022;Kołaki Kościelne (2);2 289;2 222;0;0
2014032;Rutki (2);5 514;5 207;0;0
2014042;Szumowo (2);4 809;4 659;0;0
2014052;Zambrów (2);8 875;8 700;0;0
2061000;Powiat m. Białystok;0;0;297 554;294 675
2061011;Białystok (1);0;0;297 554;294 675
2062000;Powiat m. Łomża;0;0;62 945;61 025
2062011;Łomża (1);0;0;62 945;61 025
2063000;Powiat m. Suwałki;0;0;69 758;69 273
2063011;Suwałki (1);0;0;69 758;69 273
2200000;POMORSKIE;1 500 273;1 504 790;843 655;853 466
2201000;Powiat bytowski;79 198;77 409;0;0
2201012;Borzytuchom (2);3 364;3 330;0;0
2201023;Bytów (3);25 420;25 311;0;0
2201024;Bytów - miasto (4);16 881;16 762;0;0
2201025;Bytów - obszar wiejski (5);8 539;8 549;0;0
2201032;Czarna Dąbrówka (2);5 917;5 759;0;0
2201042;Kołczygłowy (2);4 237;4 188;0;0
2201052;Lipnica (2);5 216;5 154;0;0
2201063;Miastko (3);19 509;18 472;0;0
2201064;Miastko - miasto (4);10 384;9 803;0;0
2201065;Miastko - obszar wiejski (5);9 125;8 669;0;0
2201072;Parchowo (2);3 795;3 788;0;0
2201082;Studzienice (2);3 760;3 645;0;0
2201092;Trzebielino (2);3 696;3 603;0;0
2201102;Tuchomie (2);4 284;4 159;0;0
2202000;Powiat chojnicki;97 645;96 444;0;0
2202011;Chojnice (1);39 804;39 372;0;0
2202023;Brusy (3);14 575;14 365;0;0
2202024;Brusy - miasto (4);5 182;5 148;0;0
2202025;Brusy - obszar wiejski (5);9 393;9 217;0;0
2202032;Chojnice (2);19 311;19 053;0;0
2202043;Czersk (3);21 644;21 387;0;0
2202044;Czersk - miasto (4);9 920;10 016;0;0
2202045;Czersk - obszar wiejski (5);11 724;11 371;0;0
2202052;Konarzyny (2);2 311;2 267;0;0
2203000;Powiat człuchowski;56 085;54 367;0;0
2203011;Człuchów (1);13 624;13 399;0;0
2203023;Czarne (3);9 055;8 792;0;0
2203024;Czarne - miasto (4);5 889;5 766;0;0
2203025;Czarne - obszar wiejski (5);3 166;3 026;0;0
2203032;Człuchów (2);11 128;10 711;0;0
2203043;Debrzno (3);8 984;8 787;0;0
2203044;Debrzno - miasto (4);5 066;5 008;0;0
2203045;Debrzno - obszar wiejski (5);3 918;3 779;0;0
2203052;Koczała (2);3 356;3 233;0;0
2203062;Przechlewo (2);6 331;6 019;0;0
2203072;Rzeczenica (2);3 607;3 426;0;0
2204000;Powiat gdański;118 489;126 258;0;0
2204011;Pruszcz Gdański (1);31 326;31 426;0;0
2204022;Cedry Wielkie (2);6 965;6 766;0;0
2204032;Kolbudy (2);17 839;20 040;0;0
2204042;Pruszcz Gdański (2);31 321;36 032;0;0
2204052;Przywidz (2);5 957;5 971;0;0
2204062;Pszczółki (2);9 713;10 436;0;0
2204072;Suchy Dąb (2);4 223;4 196;0;0
2204082;Trąbki Wielkie (2);11 145;11 391;0;0
2205000;Powiat kartuski;139 397;147 389;0;0
2205012;Chmielno (2);7 805;7 727;0;0
2205023;Kartuzy (3);34 013;34 211;0;0
2205024;Kartuzy - miasto (4);14 483;14 267;0;0
2205025;Kartuzy - obszar wiejski (5);19 530;19 944;0;0
2205032;Przodkowo (2);9 663;10 485;0;0
2205042;Sierakowice (2);20 054;20 420;0;0
2205052;Somonino (2);10 814;11 008;0;0
2205062;Stężyca (2);10 664;10 964;0;0
2205072;Sulęczyno (2);5 547;5 643;0;0
2205083;Żukowo (3);40 837;46 931;0;0
2205084;Żukowo - miasto (4);6 689;6 638;0;0
2205085;Żukowo - obszar wiejski (5);34 148;40 293;0;0
2206000;Powiat kościerski;72 688;72 361;0;0
2206011;Kościerzyna (1);23 742;23 746;0;0
2206022;Dziemiany (2);4 410;4 465;0;0
2206032;Karsin (2);6 239;6 178;0;0
2206042;Kościerzyna (2);16 091;15 934;0;0
2206052;Liniewo (2);4 597;4 462;0;0
2206062;Lipusz (2);3 744;3 741;0;0
2206072;Nowa Karczma (2);7 049;7 087;0;0
2206082;Stara Kiszewa (2);6 816;6 748;0;0
2207000;Powiat kwidzyński;83 174;81 431;0;0
2207011;Kwidzyn (1);38 418;37 869;0;0
2207022;Gardeja (2);8 421;8 123;0;0
2207032;Kwidzyn (2);11 429;11 296;0;0
2207043;Prabuty (3);13 091;12 491;0;0
2207044;Prabuty - miasto (4);8 684;8 301;0;0
2207045;Prabuty - obszar wiejski (5);4 407;4 190;0;0
2207052;Ryjewo (2);5 831;5 690;0;0
2207062;Sadlinki (2);5 984;5 962;0;0
2208000;Powiat lęborski;66 115;64 329;0;0
2208011;Lębork (1);35 273;34 597;0;0
2208021;Łeba (1);3 601;3 238;0;0
2208032;Cewice (2);7 577;7 434;0;0
2208042;Nowa Wieś Lęborska (2);13 645;13 409;0;0
2208052;Wicko (2);6 019;5 651;0;0
2209000;Powiat malborski;63 470;61 892;0;0
2209011;Malbork (1);38 345;37 742;0;0
2209032;Lichnowy (2);4 613;4 258;0;0
2209042;Malbork (2);4 831;4 861;0;0
2209062;Miłoradz (2);3 348;3 280;0;0
2209073;Nowy Staw (3);7 637;7 282;0;0
2209074;Nowy Staw - miasto (4);4 233;4 115;0;0
2209075;Nowy Staw - obszar wiejski (5);3 404;3 167;0;0
2209082;Stare Pole (2);4 696;4 469;0;0
2210000;Powiat nowodworski;35 580;34 290;0;0
2210011;Krynica Morska (1);1 286;1 179;0;0
2210023;Nowy Dwór Gdański (3);17 695;17 176;0;0
2210024;Nowy Dwór Gdański - miasto (4);9 888;9 650;0;0
2210025;Nowy Dwór Gdański - obszar wiejski (5);7 807;7 526;0;0
2210032;Ostaszewo (2);3 216;2 988;0;0
2210042;Stegna (2);9 749;9 464;0;0
2210052;Sztutowo (2);3 634;3 483;0;0
2211000;Powiat pucki;86 684;89 493;0;0
2211011;Hel (1);3 261;2 997;0;0
2211023;Jastarnia (3);3 690;3 562;0;0
2211024;Jastarnia - miasto (4);2 708;2 670;0;0
2211025;Jastarnia - obszar wiejski (5);982;892;0;0
2211031;Puck (1);11 241;10 902;0;0
2211043;Władysławowo (3);15 388;14 781;0;0
2211044;Władysławowo - miasto (4);9 931;9 624;0;0
2211045;Władysławowo - obszar wiejski (5);5 457;5 157;0;0
2211052;Kosakowo (2);15 589;19 124;0;0
2211062;Krokowa (2);10 816;10 534;0;0
2211072;Puck (2);26 699;27 593;0;0
2212000;Powiat słupski;98 686;96 380;0;0
2212011;Ustka (1);15 367;14 407;0;0
2212022;Damnica (2);6 093;5 854;0;0
2212032;Dębnica Kaszubska (2);9 534;9 229;0;0
2212042;Główczyce (2);8 979;8 555;0;0
2212053;Kępice (3);9 063;8 494;0;0
2212054;Kępice - miasto (4);3 575;3 431;0;0
2212055;Kępice - obszar wiejski (5);5 488;5 063;0;0
2212062;Kobylnica (2);12 848;13 376;0;0
2212072;Potęgowo (2);6 882;6 646;0;0
2212082;Redzikowo (2);18 206;18 590;0;0
2212092;Smołdzino (2);3 375;3 118;0;0
2212102;Ustka (2);8 339;8 111;0;0
2213000;Powiat starogardzki;128 186;126 031;0;0
2213013;Czarna Woda (3);3 141;3 118;0;0
2213014;Czarna Woda - miasto (4);2 769;2 749;0;0
2213015;Czarna Woda - obszar wiejski (5);372;369;0;0
2213021;Skórcz (1);3 623;3 513;0;0
2213031;Starogard Gdański (1);47 671;46 496;0;0
2213042;Bobowo (2);3 202;3 112;0;0
2213052;Kaliska (2);5 401;5 332;0;0
2213062;Lubichowo (2);6 646;6 714;0;0
2213072;Osieczna (2);2 880;2 745;0;0
2213082;Osiek (2);2 376;2 276;0;0
2213093;Skarszewy (3);14 924;14 517;0;0
2213094;Skarszewy - miasto (4);7 012;6 874;0;0
2213095;Skarszewy - obszar wiejski (5);7 912;7 643;0;0
2213102;Skórcz (2);4 592;4 348;0;0
2213112;Smętowo Graniczne (2);5 185;4 939;0;0
2213122;Starogard Gdański (2);16 713;16 915;0;0
2213132;Zblewo (2);11 832;12 006;0;0
2214000;Powiat tczewski;115 728;112 765;0;0
2214011;Tczew (1);59 951;58 177;0;0
2214023;Gniew (3);15 443;14 743;0;0
2214024;Gniew - miasto (4);6 661;6 311;0;0
2214025;Gniew - obszar wiejski (5);8 782;8 432;0;0
2214032;Morzeszczyn (2);3 649;3 384;0;0
2214043;Pelplin (3);16 166;15 532;0;0
2214044;Pelplin - miasto (4);7 737;7 486;0;0
2214045;Pelplin - obszar wiejski (5);8 429;8 046;0;0
2214052;Subkowy (2);5 484;5 364;0;0
2214062;Tczew (2);15 035;15 565;0;0
2215000;Powiat wejherowski;217 846;224 365;0;0
2215011;Reda (1);26 307;28 122;0;0
2215021;Rumia (1);49 230;51 826;0;0
2215031;Wejherowo (1);49 505;47 610;0;0
2215042;Choczewo (2);5 495;5 120;0;0
2215052;Gniewino (2);7 436;7 418;0;0
2215062;Linia (2);6 432;6 364;0;0
2215072;Luzino (2);16 539;16 987;0;0
2215082;Łęczyce (2);12 084;12 041;0;0
2215092;Szemud (2);18 240;20 000;0;0
2215102;Wejherowo (2);26 578;28 877;0;0
2216000;Powiat sztumski;41 302;39 586;0;0
2216013;Dzierzgoń (3);9 225;8 984;0;0
2216014;Dzierzgoń - miasto (4);5 335;5 147;0;0
2216015;Dzierzgoń - obszar wiejski (5);3 890;3 837;0;0
2216022;Mikołajki Pomorskie (2);3 627;3 445;0;0
2216032;Stary Dzierzgoń (2);3 913;3 590;0;0
2216042;Stary Targ (2);6 246;6 005;0;0
2216053;Sztum (3);18 291;17 562;0;0
2216054;Sztum - miasto (4);9 870;9 556;0;0
2216055;Sztum - obszar wiejski (5);8 421;8 006;0;0
2261000;Powiat m. Gdańsk;0;0;470 907;486 542
2261011;Gdańsk (1);0;0;470 907;486 542
2262000;Powiat m. Gdynia;0;0;246 348;245 739
2262011;Gdynia (1);0;0;246 348;245 739
2263000;Powiat m. Słupsk;0;0;90 681;88 060
2263011;Słupsk (1);0;0;90 681;88 060
2264000;Powiat m. Sopot;0;0;35 719;33 125
2264011;Sopot (1);0;0;35 719;33 125
2400000;ŚLĄSKIE;1 998 961;1 971 492;2 518 674;2 440 605
2401000;Powiat będziński;148 089;147 580;0;0
2401011;Będzin (1);56 354;55 893;0;0
2401021;Czeladź (1);31 405;30 798;0;0
2401031;Wojkowice (1);8 942;8 625;0;0
2401042;Bobrowniki (2);12 132;12 420;0;0
2401052;Mierzęcice (2);7 635;7 847;0;0
2401062;Psary (2);12 221;12 381;0;0
2401073;Siewierz (3);12 417;12 670;0;0
2401074;Siewierz - miasto (4);5 568;5 621;0;0
2401075;Siewierz - obszar wiejski (5);6 849;7 049;0;0
2401081;Sławków (1);6 983;6 946;0;0
2402000;Powiat bielski;165 960;165 477;0;0
2402011;Szczyrk (1);5 751;5 509;0;0
2402022;Bestwina (2);11 909;12 012;0;0
2402032;Buczkowice (2);11 227;11 246;0;0
2402043;Czechowice-Dziedzice (3);45 489;44 796;0;0
2402044;Czechowice-Dziedzice - miasto (4);35 925;35 278;0;0
2402045;Czechowice-Dziedzice - obszar wiejski (5);9 564;9 518;0;0
2402052;Jasienica (2);24 419;24 853;0;0
2402062;Jaworze (2);7 395;7 310;0;0
2402072;Kozy (2);13 024;13 097;0;0
2402082;Porąbka (2);15 630;15 398;0;0
2402093;Wilamowice (3);17 695;17 858;0;0
2402094;Wilamowice - miasto (4);3 113;3 161;0;0
2402095;Wilamowice - obszar wiejski (5);14 582;14 697;0;0
2402102;Wilkowice (2);13 421;13 398;0;0
2403000;Powiat cieszyński;178 191;176 954;0;0
2403011;Cieszyn (1);34 424;34 084;0;0
2403021;Ustroń (1);16 067;16 149;0;0
2403031;Wisła (1);11 096;10 905;0;0
2403042;Brenna (2);11 285;11 719;0;0
2403052;Chybie (2);9 825;9 632;0;0
2403062;Dębowiec (2);5 833;5 782;0;0
2403072;Goleszów (2);13 142;13 167;0;0
2403082;Hażlach (2);10 915;10 816;0;0
2403092;Istebna (2);12 159;12 146;0;0
2403103;Skoczów (3);26 910;26 396;0;0
2403104;Skoczów - miasto (4);14 302;13 865;0;0
2403105;Skoczów - obszar wiejski (5);12 608;12 531;0;0
2403113;Strumień (3);13 272;13 240;0;0
2403114;Strumień - miasto (4);3 697;3 607;0;0
2403115;Strumień - obszar wiejski (5);9 575;9 633;0;0
2403122;Zebrzydowice (2);13 263;12 918;0;0
2404000;Powiat częstochowski;134 555;133 352;0;0
2404013;Blachownia (3);12 930;12 744;0;0
2404014;Blachownia - miasto (4);9 555;9 346;0;0
2404015;Blachownia - obszar wiejski (5);3 375;3 398;0;0
2404022;Dąbrowa Zielona (2);3 860;3 750;0;0
2404032;Janów (2);5 984;5 907;0;0
2404042;Kamienica Polska (2);5 567;5 462;0;0
2404052;Kłomnice (2);13 471;13 166;0;0
2404063;Koniecpol (3);9 408;9 014;0;0
2404064;Koniecpol - miasto (4);5 902;5 615;0;0
2404065;Koniecpol - obszar wiejski (5);3 506;3 399;0;0
2404072;Konopiska (2);10 736;10 726;0;0
2404082;Kruszyna (2);4 806;4 733;0;0
2404092;Lelów (2);4 824;4 676;0;0
2404102;Mstów (2);10 834;10 820;0;0
2404112;Mykanów (2);15 104;15 372;0;0
2404122;Olsztyn (2);7 810;8 181;0;0
2404132;Poczesna (2);12 707;12 622;0;0
2404142;Przyrów (2);3 752;3 627;0;0
2404152;Rędziny (2);9 933;9 695;0;0
2404162;Starcza (2);2 829;2 857;0;0
2405000;Powiat gliwicki;115 528;113 764;0;0
2405011;Knurów (1);38 112;36 556;0;0
2405021;Pyskowice (1);18 429;17 430;0;0
2405032;Gierałtowice (2);12 183;12 445;0;0
2405042;Pilchowice (2);12 013;12 354;0;0
2405052;Rudziniec (2);10 643;10 876;0;0
2405063;Sośnicowice (3);8 909;8 901;0;0
2405064;Sośnicowice - miasto (4);1 906;1 930;0;0
2405065;Sośnicowice - obszar wiejski (5);7 003;6 971;0;0
2405073;Toszek (3);9 383;9 336;0;0
2405074;Toszek - miasto (4);3 589;3 568;0;0
2405075;Toszek - obszar wiejski (5);5 794;5 768;0;0
2405082;Wielowieś (2);5 856;5 866;0;0
2406000;Powiat kłobucki;84 591;83 341;0;0
2406013;Kłobuck (3);20 327;19 993;0;0
2406014;Kłobuck - miasto (4);12 862;12 546;0;0
2406015;Kłobuck - obszar wiejski (5);7 465;7 447;0;0
2406023;Krzepice (3);9 111;8 751;0;0
2406024;Krzepice - miasto (4);4 421;4 254;0;0
2406025;Krzepice - obszar wiejski (5);4 690;4 497;0;0
2406032;Lipie (2);6 224;6 084;0;0
2406042;Miedźno (2);7 548;7 476;0;0
2406052;Opatów (2);6 818;6 700;0;0
2406062;Panki (2);5 039;4 918;0;0
2406072;Popów (2);5 874;5 789;0;0
2406082;Przystajń (2);5 876;5 785;0;0
2406092;Wręczyca Wielka (2);17 774;17 845;0;0
2407000;Powiat lubliniecki;76 451;75 857;0;0
2407011;Lubliniec (1);23 757;23 717;0;0
2407022;Boronów (2);3 436;3 337;0;0
2407032;Ciasna (2);7 454;7 361;0;0
2407042;Herby (2);6 797;6 561;0;0
2407052;Kochanowice (2);6 938;6 936;0;0
2407062;Koszęcin (2);11 815;11 974;0;0
2407072;Pawonków (2);6 635;6 520;0;0
2407083;Woźniki (3);9 619;9 451;0;0
2407084;Woźniki - miasto (4);4 297;4 219;0;0
2407085;Woźniki - obszar wiejski (5);5 322;5 232;0;0
2408000;Powiat mikołowski;98 990;99 345;0;0
2408011;Łaziska Górne (1);22 202;21 618;0;0
2408021;Mikołów (1);41 014;41 264;0;0
2408031;Orzesze (1);21 189;21 582;0;0
2408042;Ornontowice (2);6 176;6 186;0;0
2408052;Wyry (2);8 409;8 695;0;0
2409000;Powiat myszkowski;70 880;69 325;0;0
2409011;Myszków (1);31 585;30 554;0;0
2409023;Koziegłowy (3);14 320;14 271;0;0
2409024;Koziegłowy - miasto (4);2 445;2 407;0;0
2409025;Koziegłowy - obszar wiejski (5);11 875;11 864;0;0
2409032;Niegowa (2);5 608;5 438;0;0
2409042;Poraj (2);10 914;10 787;0;0
2409053;Żarki (3);8 453;8 275;0;0
2409054;Żarki - miasto (4);4 567;4 461;0;0
2409055;Żarki - obszar wiejski (5);3 886;3 814;0;0
2410000;Powiat pszczyński;111 539;110 958;0;0
2410012;Goczałkowice-Zdrój (2);6 755;6 621;0;0
2410022;Kobiór (2);4 905;5 070;0;0
2410032;Miedźna (2);16 590;16 151;0;0
2410042;Pawłowice (2);18 172;17 769;0;0
2410053;Pszczyna (3);52 770;52 848;0;0
2410054;Pszczyna - miasto (4);25 833;25 585;0;0
2410055;Pszczyna - obszar wiejski (5);26 937;27 263;0;0
2410062;Suszec (2);12 347;12 499;0;0
2411000;Powiat raciborski;108 211;101 780;0;0
2411011;Racibórz (1);54 739;51 377;0;0
2411022;Kornowac (2);5 159;5 161;0;0
2411033;Krzanowice (3);5 742;5 396;0;0
2411034;Krzanowice - miasto (4);2 166;2 045;0;0
2411035;Krzanowice - obszar wiejski (5);3 576;3 351;0;0
2411042;Krzyżanowice (2);11 274;10 861;0;0
2411053;Kuźnia Raciborska (3);11 768;10 829;0;0
2411054;Kuźnia Raciborska - miasto (4);5 305;4 821;0;0
2411055;Kuźnia Raciborska - obszar wiejski (5);6 463;6 008;0;0
2411062;Nędza (2);7 453;6 743;0;0
2411072;Pietrowice Wielkie (2);6 883;6 532;0;0
2411082;Rudnik (2);5 193;4 881;0;0
2412000;Powiat rybnicki;78 213;76 936;0;0
2412013;Czerwionka-Leszczyny (3);42 121;40 799;0;0
2412014;Czerwionka-Leszczyny - miasto (4);28 134;27 066;0;0
2412015;Czerwionka-Leszczyny - obszar wiejski (5);13 987;13 733;0;0
2412022;Gaszowice (2);9 798;9 774;0;0
2412032;Jejkowice (2);4 154;4 151;0;0
2412042;Lyski (2);9 654;9 718;0;0
2412052;Świerklany (2);12 486;12 494;0;0
2413000;Powiat tarnogórski;140 519;138 983;0;0
2413011;Kalety (1);8 589;8 275;0;0
2413021;Miasteczko Śląskie (1);7 442;7 133;0;0
2413031;Radzionków (1);16 873;16 244;0;0
2413041;Tarnowskie Góry (1);61 686;61 251;0;0
2413052;Krupski Młyn (2);3 185;3 083;0;0
2413062;Ożarowice (2);5 795;5 845;0;0
2413072;Świerklaniec (2);12 401;12 783;0;0
2413082;Tworóg (2);8 287;8 215;0;0
2413092;Zbrosławice (2);16 261;16 154;0;0
2414000;Powiat bieruńsko-lędziński;59 776;59 340;0;0
2414011;Bieruń (1);19 507;19 124;0;0
2414021;Imielin (1);9 189;9 271;0;0
2414031;Lędziny (1);16 798;16 518;0;0
2414042;Bojszowy (2);7 924;8 154;0;0
2414052;Chełm Śląski (2);6 358;6 273;0;0
2415000;Powiat wodzisławski;157 088;152 914;0;0
2415011;Pszów (1);13 844;13 330;0;0
2415021;Radlin (1);17 759;17 244;0;0
2415031;Rydułtowy (1);21 514;20 772;0;0
2415041;Wodzisław Śląski (1);47 813;46 065;0;0
2415052;Godów (2);13 813;13 746;0;0
2415062;Gorzyce (2);21 338;21 072;0;0
2415072;Lubomia (2);7 912;7 715;0;0
2415082;Marklowice (2);5 405;5 372;0;0
2415092;Mszana (2);7 690;7 598;0;0
2416000;Powiat zawierciański;117 624;114 974;0;0
2416011;Poręba (1);8 480;8 297;0;0
2416021;Zawiercie (1);49 204;47 815;0;0
2416032;Irządze (2);2 601;2 561;0;0
2416042;Kroczyce (2);6 306;6 148;0;0
2416053;Łazy (3);15 893;15 762;0;0
2416054;Łazy - miasto (4);6 798;6 617;0;0
2416055;Łazy - obszar wiejski (5);9 095;9 145;0;0
2416063;Ogrodzieniec (3);9 061;9 074;0;0
2416064;Ogrodzieniec - miasto (4);4 258;4 244;0;0
2416065;Ogrodzieniec - obszar wiejski (5);4 803;4 830;0;0
2416073;Pilica (3);8 570;8 266;0;0
2416074;Pilica - miasto (4);1 917;1 794;0;0
2416075;Pilica - obszar wiejski (5);6 653;6 472;0;0
2416083;Szczekociny (3);7 658;7 310;0;0
2416084;Szczekociny - miasto (4);3 595;3 461;0;0
2416085;Szczekociny - obszar wiejski (5);4 063;3 849;0;0
2416092;Włodowice (2);5 254;5 230;0;0
2416102;Żarnowiec (2);4 597;4 511;0;0
2417000;Powiat żywiecki;152 756;150 612;0;0
2417011;Żywiec (1);31 091;30 464;0;0
2417022;Czernichów (2);6 740;6 562;0;0
2417032;Gilowice (2);6 251;6 268;0;0
2417042;Jeleśnia (2);13 275;12 896;0;0
2417052;Koszarawa (2);2 367;2 265;0;0
2417062;Lipowa (2);10 846;10 754;0;0
2417072;Łękawica (2);4 552;4 488;0;0
2417082;Łodygowice (2);14 567;14 929;0;0
2417092;Milówka (2);10 067;9 940;0;0
2417102;Radziechowy-Wieprz (2);13 079;12 946;0;0
2417112;Rajcza (2);8 810;8 569;0;0
2417122;Ślemień (2);3 531;3 526;0;0
2417132;Świnna (2);8 070;7 979;0;0
2417142;Ujsoły (2);4 430;4 323;0;0
2417152;Węgierska Górka (2);15 080;14 703;0;0
2461000;Powiat m. Bielsko-Biała;0;0;170 663;169 553
2461011;Bielsko-Biała (1);0;0;170 663;169 553
2462000;Powiat m. Bytom;0;0;165 263;153 827
2462011;Bytom (1);0;0;165 263;153 827
2463000;Powiat m. Chorzów;0;0;107 807;104 448
2463011;Chorzów (1);0;0;107 807;104 448
2464000;Powiat m. Częstochowa;0;0;220 433;213 942
2464011;Częstochowa (1);0;0;220 433;213 942
2465000;Powiat m. Dąbrowa Górnicza;0;0;119 373;117 257
2465011;Dąbrowa Górnicza (1);0;0;119 373;117 257
2466000;Powiat m. Gliwice;0;0;178 603;174 581
2466011;Gliwice (1);0;0;178 603;174 581
2467000;Powiat m. Jastrzębie-Zdrój;0;0;88 743;85 388
2467011;Jastrzębie-Zdrój (1);0;0;88 743;85 388
2468000;Powiat m. Jaworzno;0;0;91 115;89 269
2468011;Jaworzno (1);0;0;91 115;89 269
2469000;Powiat m. Katowice;0;0;292 774;286 369
2469011;Katowice (1);0;0;292 774;286 369
2470000;Powiat m. Mysłowice;0;0;74 618;72 587
2470011;Mysłowice (1);0;0;74 618;72 587
2471000;Powiat m. Piekary Śląskie;0;0;55 030;53 168
2471011;Piekary Śląskie (1);0;0;55 030;53 168
2472000;Powiat m. Ruda Śląska;0;0;137 360;134 169
2472011;Ruda Śląska (1);0;0;137 360;134 169
2473000;Powiat m. Rybnik;0;0;138 098;134 050
2473011;Rybnik (1);0;0;138 098;134 050
2474000;Powiat m. Siemianowice Śląskie;0;0;66 841;64 935
2474011;Siemianowice Śląskie (1);0;0;66 841;64 935
2475000;Powiat m. Sosnowiec;0;0;199 974;194 438
2475011;Sosnowiec (1);0;0;199 974;194 438
2476000;Powiat m. Świętochłowice;0;0;49 557;46 645
2476011;Świętochłowice (1);0;0;49 557;46 645
2477000;Powiat m. Tychy;0;0;127 590;125 223
2477011;Tychy (1);0;0;127 590;125 223
2478000;Powiat m. Zabrze;0;0;172 360;158 923
2478011;Zabrze (1);0;0;172 360;158 923
2479000;Powiat m. Żory;0;0;62 472;61 833
2479011;Żory (1);0;0;62 472;61 833
2600000;ŚWIĘTOKRZYSKIE;1 039 109;1 012 157;194 852;187 427
2601000;Powiat buski;71 596;69 752;0;0
2601013;Busko-Zdrój (3);32 189;31 425;0;0
2601014;Busko-Zdrój - miasto (4);15 786;15 094;0;0
2601015;Busko-Zdrój - obszar wiejski (5);16 403;16 331;0;0
2601022;Gnojno (2);4 351;4 321;0;0
2601033;Nowy Korczyn (3);5 916;5 610;0;0
2601034;Nowy Korczyn - miasto (4);938;897;0;0
2601035;Nowy Korczyn - obszar wiejski (5);4 978;4 713;0;0
2601043;Pacanów (3);7 322;7 128;0;0
2601044;Pacanów - miasto (4);1 121;1 065;0;0
2601045;Pacanów - obszar wiejski (5);6 201;6 063;0;0
2601052;Solec-Zdrój (2);5 036;4 968;0;0
2601063;Stopnica (3);7 589;7 350;0;0
2601064;Stopnica - miasto (4);1 415;1 187;0;0
2601065;Stopnica - obszar wiejski (5);6 174;6 163;0;0
2601072;Tuczępy (2);3 740;3 682;0;0
2601083;Wiślica (3);5 453;5 268;0;0
2601084;Wiślica - miasto (4);504;486;0;0
2601085;Wiślica - obszar wiejski (5);4 949;4 782;0;0
2602000;Powiat jędrzejowski;85 379;83 369;0;0
2602012;Imielno (2);4 338;4 272;0;0
2602023;Jędrzejów (3);27 898;27 369;0;0
2602024;Jędrzejów - miasto (4);15 014;14 658;0;0
2602025;Jędrzejów - obszar wiejski (5);12 884;12 711;0;0
2602033;Małogoszcz (3);11 536;11 261;0;0
2602034;Małogoszcz - miasto (4);3 726;3 542;0;0
2602035;Małogoszcz - obszar wiejski (5);7 810;7 719;0;0
2602042;Nagłowice (2);4 915;4 771;0;0
2602052;Oksa (2);4 574;4 470;0;0
2602063;Sędziszów (3);12 413;12 125;0;0
2602064;Sędziszów - miasto (4);6 408;6 330;0;0
2602065;Sędziszów - obszar wiejski (5);6 005;5 795;0;0
2602072;Słupia (2);4 290;4 036;0;0
2602082;Sobków (2);8 466;8 458;0;0
2602092;Wodzisław (2);6 949;6 607;0;0
2603000;Powiat kazimierski;33 619;32 616;0;0
2603012;Bejsce (2);3 997;3 939;0;0
2603022;Czarnocin (2);3 758;3 684;0;0
2603033;Kazimierza Wielka (3);16 118;15 576;0;0
2603034;Kazimierza Wielka - miasto (4);5 523;5 234;0;0
2603035;Kazimierza Wielka - obszar wiejski (5);10 595;10 342;0;0
2603043;Opatowiec (3);3 283;3 099;0;0
2603044;Opatowiec - miasto (4);338;311;0;0
2603045;Opatowiec - obszar wiejski (5);2 945;2 788;0;0
2603053;Skalbmierz (3);6 463;6 318;0;0
2603054;Skalbmierz - miasto (4);1 275;1 222;0;0
2603055;Skalbmierz - obszar wiejski (5);5 188;5 096;0;0
2604000;Powiat kielecki;211 259;211 897;0;0
2604012;Bieliny (2);10 299;10 012;0;0
2604023;Bodzentyn (3);11 479;11 201;0;0
2604024;Bodzentyn - miasto (4);2 211;2 158;0;0
2604025;Bodzentyn - obszar wiejski (5);9 268;9 043;0;0
2604033;Chęciny (3);15 111;14 978;0;0
2604034;Chęciny - miasto (4);4 430;4 372;0;0
2604035;Chęciny - obszar wiejski (5);10 681;10 606;0;0
2604043;Chmielnik (3);11 264;10 973;0;0
2604044;Chmielnik - miasto (4);3 662;3 561;0;0
2604045;Chmielnik - obszar wiejski (5);7 602;7 412;0;0
2604053;Daleszyce (3);15 865;16 258;0;0
2604054;Daleszyce - miasto (4);2 883;2 847;0;0
2604055;Daleszyce - obszar wiejski (5);12 982;13 411;0;0
2604062;Górno (2);14 559;14 915;0;0
2604073;Łagów (3);6 880;6 687;0;0
2604074;Łagów - miasto (4);1 562;1 555;0;0
2604075;Łagów - obszar wiejski (5);5 318;5 132;0;0
2604082;Łopuszno (2);8 984;8 834;0;0
2604092;Masłów (2);11 063;11 652;0;0
2604102;Miedziana Góra (2);11 632;12 331;0;0
2604112;Mniów (2);9 346;9 232;0;0
2604123;Morawica (3);16 756;17 319;0;0
2604124;Morawica - miasto (4);1 716;1 736;0;0
2604125;Morawica - obszar wiejski (5);15 040;15 583;0;0
2604133;Nowa Słupia (3);9 471;9 196;0;0
2604134;Nowa Słupia - miasto (4);1 373;1 351;0;0
2604135;Nowa Słupia - obszar wiejski (5);8 098;7 845;0;0
2604142;Piekoszów (2);16 489;16 719;0;0
2604153;Pierzchnica (3);4 700;4 816;0;0
2604154;Pierzchnica - miasto (4);1 178;1 266;0;0
2604155;Pierzchnica - obszar wiejski (5);3 522;3 550;0;0
2604162;Raków (2);5 595;5 429;0;0
2604172;Nowiny (2);7 910;7 833;0;0
2604182;Strawczyn (2);10 874;10 971;0;0
2604192;Zagnańsk (2);12 982;12 541;0;0
2605000;Powiat konecki;79 858;76 423;0;0
2605012;Fałków (2);4 393;4 101;0;0
2605022;Gowarczów (2);4 583;4 477;0;0
2605033;Końskie (3);35 112;33 618;0;0
2605034;Końskie - miasto (4);19 080;18 252;0;0
2605035;Końskie - obszar wiejski (5);16 032;15 366;0;0
2605043;Radoszyce (3);8 891;8 423;0;0
2605044;Radoszyce - miasto (4);3 140;2 985;0;0
2605045;Radoszyce - obszar wiejski (5);5 751;5 438;0;0
2605052;Ruda Maleniecka (2);3 069;2 969;0;0
2605062;Słupia Konecka (2);3 319;3 122;0;0
2605072;Smyków (2);3 792;3 709;0;0
2605083;Stąporków (3);16 699;16 004;0;0
2605084;Stąporków - miasto (4);5 630;5 320;0;0
2605085;Stąporków - obszar wiejski (5);11 069;10 684;0;0
2606000;Powiat opatowski;52 089;50 148;0;0
2606012;Baćkowice (2);4 868;4 674;0;0
2606022;Iwaniska (2);6 616;6 292;0;0
2606032;Lipnik (2);5 206;5 001;0;0
2606043;Opatów (3);11 663;11 191;0;0
2606044;Opatów - miasto (4);6 457;6 185;0;0
2606045;Opatów - obszar wiejski (5);5 206;5 006;0;0
2606053;Ożarów (3);10 662;10 425;0;0
2606054;Ożarów - miasto (4);4 534;4 405;0;0
2606055;Ożarów - obszar wiejski (5);6 128;6 020;0;0
2606062;Sadowie (2);3 929;3 874;0;0
2606072;Tarłów (2);5 139;4 822;0;0
2606082;Wojciechowice (2);4 006;3 869;0;0
2607000;Powiat ostrowiecki;108 964;104 024;0;0
2607011;Ostrowiec Świętokrzyski (1);68 338;65 066;0;0
2607022;Bałtów (2);3 410;3 243;0;0
2607032;Bodzechów (2);13 326;12 815;0;0
2607043;Ćmielów (3);7 330;6 947;0;0
2607044;Ćmielów - miasto (4);3 021;2 882;0;0
2607045;Ćmielów - obszar wiejski (5);4 309;4 065;0;0
2607053;Kunów (3);9 779;9 406;0;0
2607054;Kunów - miasto (4);2 936;2 789;0;0
2607055;Kunów - obszar wiejski (5);6 843;6 617;0;0
2607062;Waśniów (2);6 781;6 547;0;0
2608000;Powiat pińczowski;38 926;37 821;0;0
2608013;Działoszyce (3);4 900;4 765;0;0
2608014;Działoszyce - miasto (4);897;888;0;0
2608015;Działoszyce - obszar wiejski (5);4 003;3 877;0;0
2608022;Kije (2);4 373;4 336;0;0
2608032;Michałów (2);4 564;4 519;0;0
2608043;Pińczów (3);20 626;19 838;0;0
2608044;Pińczów - miasto (4);10 717;10 123;0;0
2608045;Pińczów - obszar wiejski (5);9 909;9 715;0;0
2608052;Złota (2);4 463;4 363;0;0
2609000;Powiat sandomierski;77 017;74 270;0;0
2609011;Sandomierz (1);23 362;22 282;0;0
2609022;Dwikozy (2);8 709;8 386;0;0
2609032;Klimontów (2);7 994;-;0;-
2609033;Klimontów (3);-;7 703;-;0
2609034;Klimontów - miasto (4);-;1 797;-;0
2609035;Klimontów - obszar wiejski (5);-;5 906;-;0
2609043;Koprzywnica (3);6 634;6 368;0;0
2609044;Koprzywnica - miasto (4);2 461;2 389;0;0
2609045;Koprzywnica - obszar wiejski (5);4 173;3 979;0;0
2609052;Łoniów (2);7 451;7 291;0;0
2609062;Obrazów (2);6 375;6 258;0;0
2609072;Samborzec (2);8 420;8 243;0;0
2609082;Wilczyce (2);3 687;3 554;0;0
2609093;Zawichost (3);4 385;4 185;0;0
2609094;Zawichost - miasto (4);1 754;1 656;0;0
2609095;Zawichost - obszar wiejski (5);2 631;2 529;0;0
2610000;Powiat skarżyski;73 991;71 276;0;0
2610011;Skarżysko-Kamienna (1);44 848;43 297;0;0
2610022;Bliżyn (2);8 037;7 676;0;0
2610032;Łączna (2);5 008;5 035;0;0
2610042;Skarżysko Kościelne (2);5 988;5 684;0;0
2610053;Suchedniów (3);10 110;9 584;0;0
2610054;Suchedniów - miasto (4);8 323;7 847;0;0
2610055;Suchedniów - obszar wiejski (5);1 787;1 737;0;0
2611000;Powiat starachowicki;89 576;86 496;0;0
2611011;Starachowice (1);48 395;46 442;0;0
2611022;Brody (2);10 870;10 479;0;0
2611032;Mirzec (2);8 260;8 087;0;0
2611042;Pawłów (2);15 240;14 961;0;0
2611053;Wąchock (3);6 811;6 527;0;0
2611054;Wąchock - miasto (4);2 768;2 583;0;0
2611055;Wąchock - obszar wiejski (5);4 043;3 944;0;0
2612000;Powiat staszowski;71 776;70 079;0;0
2612012;Bogoria (2);7 692;7 521;0;0
2612022;Łubnice (2);4 102;3 983;0;0
2612033;Oleśnica (3);3 880;3 818;0;0
2612034;Oleśnica - miasto (4);1 839;1 758;0;0
2612035;Oleśnica - obszar wiejski (5);2 041;2 060;0;0
2612043;Osiek (3);7 689;7 493;0;0
2612044;Osiek - miasto (4);1 991;1 967;0;0
2612045;Osiek - obszar wiejski (5);5 698;5 526;0;0
2612053;Połaniec (3);11 764;11 352;0;0
2612054;Połaniec - miasto (4);8 072;7 743;0;0
2612055;Połaniec - obszar wiejski (5);3 692;3 609;0;0
2612062;Rytwiany (2);6 371;6 307;0;0
2612073;Staszów (3);25 599;25 150;0;0
2612074;Staszów - miasto (4);14 649;14 202;0;0
2612075;Staszów - obszar wiejski (5);10 950;10 948;0;0
2612083;Szydłów (3);4 679;4 455;0;0
2612084;Szydłów - miasto (4);1 101;983;0;0
2612085;Szydłów - obszar wiejski (5);3 578;3 472;0;0
2613000;Powiat włoszczowski;45 059;43 986;0;0
2613012;Kluczewsko (2);5 197;5 018;0;0
2613022;Krasocin (2);10 620;10 296;0;0
2613032;Moskorzew (2);2 640;2 602;0;0
2613042;Radków (2);2 499;2 372;0;0
2613052;Secemin (2);4 811;4 668;0;0
2613063;Włoszczowa (3);19 292;19 030;0;0
2613064;Włoszczowa - miasto (4);9 924;9 784;0;0
2613065;Włoszczowa - obszar wiejski (5);9 368;9 246;0;0
2661000;Powiat m. Kielce;0;0;194 852;187 427
2661011;Kielce (1);0;0;194 852;187 427
2800000;WARMIŃSKO-MAZURSKIE;1 131 441;1 099 341;291 296;286 281
2801000;Powiat bartoszycki;57 231;54 582;0;0
2801011;Bartoszyce (1);23 284;22 406;0;0
2801021;Górowo Iławeckie (1);3 940;3 821;0;0
2801032;Bartoszyce (2);10 715;10 277;0;0
2801043;Bisztynek (3);6 299;5 887;0;0
2801044;Bisztynek - miasto (4);2 359;2 273;0;0
2801045;Bisztynek - obszar wiejski (5);3 940;3 614;0;0
2801052;Górowo Iławeckie (2);6 811;6 300;0;0
2801063;Sępopol (3);6 182;5 891;0;0
2801064;Sępopol - miasto (4);1 941;1 933;0;0
2801065;Sępopol - obszar wiejski (5);4 241;3 958;0;0
2802000;Powiat braniewski;41 034;38 686;0;0
2802011;Braniewo (1);16 992;16 511;0;0
2802022;Braniewo (2);6 031;5 570;0;0
2802033;Frombork (3);3 555;3 266;0;0
2802034;Frombork - miasto (4);2 326;2 172;0;0
2802035;Frombork - obszar wiejski (5);1 229;1 094;0;0
2802042;Lelkowo (2);2 817;2 510;0;0
2802053;Pieniężno (3);6 183;5 740;0;0
2802054;Pieniężno - miasto (4);2 712;2 495;0;0
2802055;Pieniężno - obszar wiejski (5);3 471;3 245;0;0
2802062;Płoskinia (2);2 486;2 400;0;0
2802072;Wilczęta (2);2 970;2 689;0;0
2803000;Powiat działdowski;65 139;62 861;0;0
2803011;Działdowo (1);21 274;20 725;0;0
2803022;Działdowo (2);9 821;9 494;0;0
2803032;Iłowo-Osada (2);7 192;6 898;0;0
2803043;Lidzbark (3);14 052;13 567;0;0
2803044;Lidzbark - miasto (4);7 741;7 491;0;0
2803045;Lidzbark - obszar wiejski (5);6 311;6 076;0;0
2803052;Płośnica (2);5 604;5 299;0;0
2803062;Rybno (2);7 196;6 878;0;0
2804000;Powiat elbląski;57 211;55 425;0;0
2804012;Elbląg (2);7 563;7 595;0;0
2804022;Godkowo (2);3 011;2 825;0;0
2804032;Gronowo Elbląskie (2);5 127;4 943;0;0
2804042;Markusy (2);4 048;3 917;0;0
2804052;Milejewo (2);3 419;3 294;0;0
2804063;Młynary (3);4 406;4 279;0;0
2804064;Młynary - miasto (4);1 765;1 698;0;0
2804065;Młynary - obszar wiejski (5);2 641;2 581;0;0
2804073;Pasłęk (3);19 313;18 801;0;0
2804074;Pasłęk - miasto (4);12 178;12 080;0;0
2804075;Pasłęk - obszar wiejski (5);7 135;6 721;0;0
2804082;Rychliki (2);3 753;3 600;0;0
2804093;Tolkmicko (3);6 571;6 171;0;0
2804094;Tolkmicko - miasto (4);2 663;2 480;0;0
2804095;Tolkmicko - obszar wiejski (5);3 908;3 691;0;0
2805000;Powiat ełcki;91 560;89 158;0;0
2805011;Ełk (1);62 109;60 471;0;0
2805022;Ełk (2);11 820;12 044;0;0
2805032;Kalinowo (2);6 660;6 351;0;0
2805042;Prostki (2);7 238;6 841;0;0
2805052;Stare Juchy (2);3 733;3 451;0;0
2806000;Powiat giżycki;56 565;54 961;0;0
2806011;Giżycko (1);29 307;28 346;0;0
2806042;Giżycko (2);8 510;8 551;0;0
2806052;Kruklanki (2);3 125;3 020;0;0
2806062;Miłki (2);3 722;3 538;0;0
2806083;Ryn (3);5 668;5 515;0;0
2806084;Ryn - miasto (4);2 843;2 774;0;0
2806085;Ryn - obszar wiejski (5);2 825;2 741;0;0
2806102;Wydminy (2);6 233;5 991;0;0
2807000;Powiat iławski;92 879;91 087;0;0
2807011;Iława (1);33 327;32 724;0;0
2807021;Lubawa (1);10 388;10 626;0;0
2807032;Iława (2);12 988;13 125;0;0
2807043;Kisielice (3);5 997;5 715;0;0
2807044;Kisielice - miasto (4);2 100;2 098;0;0
2807045;Kisielice - obszar wiejski (5);3 897;3 617;0;0
2807052;Lubawa (2);10 689;10 422;0;0
2807063;Susz (3);12 727;12 104;0;0
2807064;Susz - miasto (4);5 567;5 347;0;0
2807065;Susz - obszar wiejski (5);7 160;6 757;0;0
2807073;Zalewo (3);6 763;6 371;0;0
2807074;Zalewo - miasto (4);2 141;2 094;0;0
2807075;Zalewo - obszar wiejski (5);4 622;4 277;0;0
2808000;Powiat kętrzyński;62 283;59 331;0;0
2808011;Kętrzyn (1);27 056;26 284;0;0
2808022;Barciany (2);6 109;5 778;0;0
2808032;Kętrzyn (2);8 230;7 793;0;0
2808043;Korsze (3);9 646;9 086;0;0
2808044;Korsze - miasto (4);4 193;4 094;0;0
2808045;Korsze - obszar wiejski (5);5 453;4 992;0;0
2808053;Reszel (3);7 488;6 864;0;0
2808054;Reszel - miasto (4);4 550;4 185;0;0
2808055;Reszel - obszar wiejski (5);2 938;2 679;0;0
2808062;Srokowo (2);3 754;3 526;0;0
2809000;Powiat lidzbarski;41 180;39 328;0;0
2809011;Lidzbark Warmiński (1);15 697;14 887;0;0
2809022;Kiwity (2);3 286;3 193;0;0
2809032;Lidzbark Warmiński (2);6 692;6 535;0;0
2809042;Lubomino (2);3 596;3 418;0;0
2809053;Orneta (3);11 909;11 295;0;0
2809054;Orneta - miasto (4);8 723;8 318;0;0
2809055;Orneta - obszar wiejski (5);3 186;2 977;0;0
2810000;Powiat mrągowski;49 762;48 860;0;0
2810011;Mrągowo (1);21 556;21 385;0;0
2810023;Mikołajki (3);8 131;7 639;0;0
2810024;Mikołajki - miasto (4);3 787;3 516;0;0
2810025;Mikołajki - obszar wiejski (5);4 344;4 123;0;0
2810032;Mrągowo (2);7 975;8 039;0;0
2810042;Piecki (2);7 572;7 322;0;0
2810052;Sorkwity (2);4 528;4 475;0;0
2811000;Powiat nidzicki;32 857;31 232;0;0
2811012;Janowiec Kościelny (2);3 202;3 014;0;0
2811022;Janowo (2);2 654;2 556;0;0
2811032;Kozłowo (2);5 998;5 532;0;0
2811043;Nidzica (3);21 003;20 130;0;0
2811044;Nidzica - miasto (4);13 694;13 120;0;0
2811045;Nidzica - obszar wiejski (5);7 309;7 010;0;0
2812000;Powiat nowomiejski;43 822;42 816;0;0
2812011;Nowe Miasto Lubawskie (1);10 850;10 521;0;0
2812022;Biskupiec (2);9 308;8 880;0;0
2812032;Grodziczno (2);6 308;6 050;0;0
2812042;Kurzętnik (2);9 111;8 985;0;0
2812052;Bratian (2);8 245;8 380;0;0
2813000;Powiat olecki;34 148;32 851;0;0
2813032;Kowale Oleckie (2);4 960;4 677;0;0
2813043;Olecko (3);22 025;21 441;0;0
2813044;Olecko - miasto (4);16 422;16 156;0;0
2813045;Olecko - obszar wiejski (5);5 603;5 285;0;0
2813052;Świętajno (2);3 883;3 477;0;0
2813062;Wieliczki (2);3 280;3 256;0;0
2814000;Powiat olsztyński;126 781;128 530;0;0
2814013;Barczewo (3);18 019;18 092;0;0
2814014;Barczewo - miasto (4);7 501;7 499;0;0
2814015;Barczewo - obszar wiejski (5);10 518;10 593;0;0
2814023;Biskupiec (3);18 997;18 166;0;0
2814024;Biskupiec - miasto (4);10 634;10 198;0;0
2814025;Biskupiec - obszar wiejski (5);8 363;7 968;0;0
2814033;Dobre Miasto (3);15 844;15 346;0;0
2814034;Dobre Miasto - miasto (4);10 182;9 676;0;0
2814035;Dobre Miasto - obszar wiejski (5);5 662;5 670;0;0
2814042;Dywity (2);12 004;12 893;0;0
2814052;Gietrzwałd (2);6 685;6 824;0;0
2814063;Jeziorany (3);7 669;7 221;0;0
2814064;Jeziorany - miasto (4);3 153;3 080;0;0
2814065;Jeziorany - obszar wiejski (5);4 516;4 141;0;0
2814072;Jonkowo (2);7 430;7 627;0;0
2814082;Kolno (2);3 137;2 874;0;0
2814093;Olsztynek (3);13 701;13 338;0;0
2814094;Olsztynek - miasto (4);7 514;7 350;0;0
2814095;Olsztynek - obszar wiejski (5);6 187;5 988;0;0
2814102;Purda (2);8 708;8 831;0;0
2814112;Stawiguda (2);10 548;13 516;0;0
2814122;Świątki (2);4 039;3 802;0;0
2815000;Powiat ostródzki;104 151;101 397;0;0
2815011;Ostróda (1);32 888;32 137;0;0
2815022;Dąbrówno (2);4 283;3 987;0;0
2815032;Grunwald (2);5 638;5 212;0;0
2815042;Łukta (2);4 455;4 402;0;0
2815052;Małdyty (2);6 251;5 918;0;0
2815063;Miłakowo (3);5 404;5 150;0;0
2815064;Miłakowo - miasto (4);2 540;2 490;0;0
2815065;Miłakowo - obszar wiejski (5);2 864;2 660;0;0
2815073;Miłomłyn (3);4 919;4 864;0;0
2815074;Miłomłyn - miasto (4);2 427;2 429;0;0
2815075;Miłomłyn - obszar wiejski (5);2 492;2 435;0;0
2815083;Morąg (3);24 199;23 721;0;0
2815084;Morąg - miasto (4);13 701;13 409;0;0
2815085;Morąg - obszar wiejski (5);10 498;10 312;0;0
2815092;Ostróda (2);16 114;16 006;0;0
2816000;Powiat piski;56 135;53 531;0;0
2816013;Biała Piska (3);11 622;10 831;0;0
2816014;Biała Piska - miasto (4);4 030;3 823;0;0
2816015;Biała Piska - obszar wiejski (5);7 592;7 008;0;0
2816023;Orzysz (3);8 863;8 532;0;0
2816024;Orzysz - miasto (4);5 535;5 436;0;0
2816025;Orzysz - obszar wiejski (5);3 328;3 096;0;0
2816033;Pisz (3);27 659;26 596;0;0
2816034;Pisz - miasto (4);19 198;18 305;0;0
2816035;Pisz - obszar wiejski (5);8 461;8 291;0;0
2816043;Ruciane-Nida (3);7 991;7 572;0;0
2816044;Ruciane-Nida - miasto (4);4 451;4 215;0;0
2816045;Ruciane-Nida - obszar wiejski (5);3 540;3 357;0;0
2817000;Powiat szczycieński;69 376;67 649;0;0
2817011;Szczytno (1);23 088;22 482;0;0
2817022;Dźwierzuty (2);6 492;6 111;0;0
2817032;Jedwabno (2);3 631;3 484;0;0
2817043;Pasym (3);5 312;5 137;0;0
2817044;Pasym - miasto (4);2 498;2 415;0;0
2817045;Pasym - obszar wiejski (5);2 814;2 722;0;0
2817052;Rozogi (2);5 523;5 360;0;0
2817062;Szczytno (2);13 095;13 252;0;0
2817072;Świętajno (2);5 774;5 499;0;0
2817083;Wielbark (3);6 461;6 324;0;0
2817084;Wielbark - miasto (4);2 987;3 006;0;0
2817085;Wielbark - obszar wiejski (5);3 474;3 318;0;0
2818000;Powiat gołdapski;26 689;25 583;0;0
2818012;Banie Mazurskie (2);3 671;3 403;0;0
2818022;Dubeninki (2);2 886;2 726;0;0
2818033;Gołdap (3);20 132;19 454;0;0
2818034;Gołdap - miasto (4);13 708;13 395;0;0
2818035;Gołdap - obszar wiejski (5);6 424;6 059;0;0
2819000;Powiat węgorzewski;22 638;21 473;0;0
2819012;Budry (2);2 780;2 663;0;0
2819022;Pozezdrze (2);3 253;3 043;0;0
2819033;Węgorzewo (3);16 605;15 767;0;0
2819034;Węgorzewo - miasto (4);11 280;10 873;0;0
2819035;Węgorzewo - obszar wiejski (5);5 325;4 894;0;0
2861000;Powiat m. Elbląg;0;0;119 317;115 575
2861011;Elbląg (1);0;0;119 317;115 575
2862000;Powiat m. Olsztyn;0;0;171 979;170 706
2862011;Olsztyn (1);0;0;171 979;170 706
3000000;WIELKOPOLSKIE;2 726 647;2 730 824;772 086;776 218
3001000;Powiat chodzieski;47 055;46 184;0;0
3001011;Chodzież (1);18 480;18 102;0;0
3001022;Budzyń (2);8 526;8 391;0;0
3001032;Chodzież (2);6 100;6 053;0;0
3001043;Margonin (3);6 447;6 352;0;0
3001044;Margonin - miasto (4);2 983;3 022;0;0
3001045;Margonin - obszar wiejski (5);3 464;3 330;0;0
3001053;Szamocin (3);7 502;7 286;0;0
3001054;Szamocin - miasto (4);4 192;4 010;0;0
3001055;Szamocin - obszar wiejski (5);3 310;3 276;0;0
3002000;Powiat czarnkowsko-trzcianecki;86 990;85 319;0;0
3002011;Czarnków (1);10 607;10 401;0;0
3002022;Czarnków (2);11 419;11 153;0;0
3002032;Drawsko (2);5 775;5 720;0;0
3002043;Krzyż Wielkopolski (3);8 693;8 453;0;0
3002044;Krzyż Wielkopolski - miasto (4);6 176;6 050;0;0
3002045;Krzyż Wielkopolski - obszar wiejski (5);2 517;2 403;0;0
3002052;Lubasz (2);7 701;7 574;0;0
3002062;Połajewo (2);6 173;6 082;0;0
3002073;Trzcianka (3);24 318;23 863;0;0
3002074;Trzcianka - miasto (4);17 140;16 856;0;0
3002075;Trzcianka - obszar wiejski (5);7 178;7 007;0;0
3002083;Wieleń (3);12 304;12 073;0;0
3002084;Wieleń - miasto (4);5 860;5 890;0;0
3002085;Wieleń - obszar wiejski (5);6 444;6 183;0;0
3003000;Powiat gnieźnieński;145 418;142 872;0;0
3003011;Gniezno (1);68 217;65 723;0;0
3003023;Czerniejewo (3);7 405;7 233;0;0
3003024;Czerniejewo - miasto (4);2 691;2 585;0;0
3003025;Czerniejewo - obszar wiejski (5);4 714;4 648;0;0
3003032;Gniezno (2);12 268;13 459;0;0
3003042;Kiszkowo (2);5 443;5 232;0;0
3003053;Kłecko (3);7 452;7 301;0;0
3003054;Kłecko - miasto (4);2 618;2 615;0;0
3003055;Kłecko - obszar wiejski (5);4 834;4 686;0;0
3003062;Łubowo (2);6 743;6 972;0;0
3003072;Mieleszyn (2);4 038;3 767;0;0
3003082;Niechanowo (2);5 965;5 971;0;0
3003093;Trzemeszno (3);14 294;13 964;0;0
3003094;Trzemeszno - miasto (4);7 655;7 551;0;0
3003095;Trzemeszno - obszar wiejski (5);6 639;6 413;0;0
3003103;Witkowo (3);13 593;13 250;0;0
3003104;Witkowo - miasto (4);7 812;7 664;0;0
3003105;Witkowo - obszar wiejski (5);5 781;5 586;0;0
3004000;Powiat gostyński;75 908;74 623;0;0
3004013;Borek Wielkopolski (3);7 473;7 234;0;0
3004014;Borek Wielkopolski - miasto (4);2 502;2 452;0;0
3004015;Borek Wielkopolski - obszar wiejski (5);4 971;4 782;0;0
3004023;Gostyń (3);28 192;28 028;0;0
3004024;Gostyń - miasto (4);20 296;20 277;0;0
3004025;Gostyń - obszar wiejski (5);7 896;7 751;0;0
3004033;Krobia (3);12 994;12 730;0;0
3004034;Krobia - miasto (4);4 320;4 412;0;0
3004035;Krobia - obszar wiejski (5);8 674;8 318;0;0
3004042;Pępowo (2);5 948;5 841;0;0
3004052;Piaski (2);8 630;8 393;0;0
3004063;Pogorzela (3);4 937;4 750;0;0
3004064;Pogorzela - miasto (4);2 088;2 044;0;0
3004065;Pogorzela - obszar wiejski (5);2 849;2 706;0;0
3004073;Poniec (3);7 734;7 647;0;0
3004074;Poniec - miasto (4);2 855;2 949;0;0
3004075;Poniec - obszar wiejski (5);4 879;4 698;0;0
3005000;Powiat grodziski;51 893;51 711;0;0
3005012;Granowo (2);5 068;5 027;0;0
3005023;Grodzisk Wielkopolski (3);20 064;20 328;0;0
3005024;Grodzisk Wielkopolski - miasto (4);14 697;15 139;0;0
3005025;Grodzisk Wielkopolski - obszar wiejski (5);5 367;5 189;0;0
3005032;Kamieniec (2);6 673;6 284;0;0
3005043;Rakoniewice (3);13 178;13 243;0;0
3005044;Rakoniewice - miasto (4);3 587;3 656;0;0
3005045;Rakoniewice - obszar wiejski (5);9 591;9 587;0;0
3005053;Wielichowo (3);6 910;6 829;0;0
3005054;Wielichowo - miasto (4);1 757;1 739;0;0
3005055;Wielichowo - obszar wiejski (5);5 153;5 090;0;0
3006000;Powiat jarociński;71 563;70 533;0;0
3006013;Jaraczewo (3);8 142;7 813;0;0
3006014;Jaraczewo - miasto (4);1 413;1 374;0;0
3006015;Jaraczewo - obszar wiejski (5);6 729;6 439;0;0
3006023;Jarocin (3);45 731;45 675;0;0
3006024;Jarocin - miasto (4);26 106;26 382;0;0
3006025;Jarocin - obszar wiejski (5);19 625;19 293;0;0
3006032;Kotlin (2);7 442;7 134;0;0
3006043;Żerków (3);10 248;9 911;0;0
3006044;Żerków - miasto (4);2 110;2 080;0;0
3006045;Żerków - obszar wiejski (5);8 138;7 831;0;0
3007000;Powiat kaliski;83 026;82 904;0;0
3007012;Blizanów (2);9 940;10 075;0;0
3007022;Brzeziny (2);5 817;5 776;0;0
3007032;Ceków-Kolonia (2);4 746;4 779;0;0
3007042;Godziesze Wielkie (2);9 591;9 930;0;0
3007052;Koźminek (2);7 547;7 393;0;0
3007062;Lisków (2);5 213;5 274;0;0
3007072;Mycielin (2);4 873;4 745;0;0
3007083;Opatówek (3);10 808;10 748;0;0
3007084;Opatówek - miasto (4);3 629;3 580;0;0
3007085;Opatówek - obszar wiejski (5);7 179;7 168;0;0
3007093;Stawiszyn (3);7 133;6 900;0;0
3007094;Stawiszyn - miasto (4);1 494;1 440;0;0
3007095;Stawiszyn - obszar wiejski (5);5 639;5 460;0;0
3007102;Szczytniki (2);7 812;7 652;0;0
3007112;Żelazków (2);9 546;9 632;0;0
3008000;Powiat kępiński;56 451;56 537;0;0
3008012;Baranów (2);7 987;8 188;0;0
3008022;Bralin (2);6 100;6 110;0;0
3008033;Kępno (3);24 482;24 557;0;0
3008034;Kępno - miasto (4);14 012;13 992;0;0
3008035;Kępno - obszar wiejski (5);10 470;10 565;0;0
3008042;Łęka Opatowska (2);5 356;5 232;0;0
3008052;Perzów (2);3 777;3 811;0;0
3008062;Rychtal (2);3 804;3 705;0;0
3008072;Trzcinica (2);4 945;4 934;0;0
3009000;Powiat kolski;86 727;83 538;0;0
3009011;Koło (1);21 686;20 480;0;0
3009022;Babiak (2);7 831;7 574;0;0
3009032;Chodów (2);3 005;2 878;0;0
3009043;Dąbie (3);6 284;5 944;0;0
3009044;Dąbie - miasto (4);1 986;1 789;0;0
3009045;Dąbie - obszar wiejski (5);4 298;4 155;0;0
3009052;Grzegorzew (2);5 693;5 472;0;0
3009063;Kłodawa (3);12 801;12 200;0;0
3009064;Kłodawa - miasto (4);6 418;6 095;0;0
3009065;Kłodawa - obszar wiejski (5);6 383;6 105;0;0
3009072;Koło (2);7 795;7 867;0;0
3009082;Kościelec (2);6 855;6 736;0;0
3009092;Olszówka (2);4 502;4 242;0;0
3009102;Osiek Mały (2);6 155;6 160;0;0
3009113;Przedecz (3);4 120;3 985;0;0
3009114;Przedecz - miasto (4);1 648;1 565;0;0
3009115;Przedecz - obszar wiejski (5);2 472;2 420;0;0
3010000;Powiat koniński;130 053;128 787;0;0
3010013;Golina (3);12 079;12 066;0;0
3010014;Golina - miasto (4);4 478;4 396;0;0
3010015;Golina - obszar wiejski (5);7 601;7 670;0;0
3010022;Grodziec (2);5 160;5 077;0;0
3010032;Kazimierz Biskupi (2);11 487;11 490;0;0
3010043;Kleczew (3);9 947;9 687;0;0
3010044;Kleczew - miasto (4);4 151;3 992;0;0
3010045;Kleczew - obszar wiejski (5);5 796;5 695;0;0
3010052;Kramsk (2);11 250;11 495;0;0
3010062;Krzymów (2);8 112;8 152;0;0
3010073;Rychwał (3);8 249;8 048;0;0
3010074;Rychwał - miasto (4);2 373;2 405;0;0
3010075;Rychwał - obszar wiejski (5);5 876;5 643;0;0
3010082;Rzgów (2);7 275;7 131;0;0
3010092;Skulsk (2);6 122;5 893;0;0
3010103;Sompolno (3);10 380;10 229;0;0
3010104;Sompolno - miasto (4);3 538;3 445;0;0
3010105;Sompolno - obszar wiejski (5);6 842;6 784;0;0
3010112;Stare Miasto (2);12 436;12 639;0;0
3010123;Ślesin (3);14 067;13 946;0;0
3010124;Ślesin - miasto (4);3 131;3 193;0;0
3010125;Ślesin - obszar wiejski (5);10 936;10 753;0;0
3010132;Wierzbinek (2);7 287;7 002;0;0
3010142;Wilczyn (2);6 202;5 932;0;0
3011000;Powiat kościański;79 183;78 148;0;0
3011011;Kościan (1);23 876;24 070;0;0
3011023;Czempiń (3);11 513;11 421;0;0
3011024;Czempiń - miasto (4);5 307;4 831;0;0
3011025;Czempiń - obszar wiejski (5);6 206;6 590;0;0
3011032;Kościan (2);16 144;15 781;0;0
3011043;Krzywiń (3);10 043;9 643;0;0
3011044;Krzywiń - miasto (4);1 717;1 673;0;0
3011045;Krzywiń - obszar wiejski (5);8 326;7 970;0;0
3011053;Śmigiel (3);17 607;17 233;0;0
3011054;Śmigiel - miasto (4);5 641;5 672;0;0
3011055;Śmigiel - obszar wiejski (5);11 966;11 561;0;0
3012000;Powiat krotoszyński;77 274;76 245;0;0
3012011;Sulmierzyce (1);2 851;2 778;0;0
3012023;Kobylin (3);8 090;7 823;0;0
3012024;Kobylin - miasto (4);3 237;3 194;0;0
3012025;Kobylin - obszar wiejski (5);4 853;4 629;0;0
3012033;Koźmin Wielkopolski (3);13 211;12 940;0;0
3012034;Koźmin Wielkopolski - miasto (4);6 472;6 324;0;0
3012035;Koźmin Wielkopolski - obszar wiejski (5);6 739;6 616;0;0
3012043;Krotoszyn (3);40 341;40 058;0;0
3012044;Krotoszyn - miasto (4);28 804;28 779;0;0
3012045;Krotoszyn - obszar wiejski (5);11 537;11 279;0;0
3012052;Rozdrażew (2);5 204;5 028;0;0
3012063;Zduny (3);7 577;7 618;0;0
3012064;Zduny - miasto (4);4 487;4 388;0;0
3012065;Zduny - obszar wiejski (5);3 090;3 230;0;0
3013000;Powiat leszczyński;57 201;58 289;0;0
3013012;Krzemieniewo (2);8 301;7 972;0;0
3013022;Lipno (2);8 382;9 138;0;0
3013033;Osieczna (3);9 269;9 267;0;0
3013034;Osieczna - miasto (4);2 369;2 412;0;0
3013035;Osieczna - obszar wiejski (5);6 900;6 855;0;0
3013043;Rydzyna (3);9 636;9 972;0;0
3013044;Rydzyna - miasto (4);2 897;2 859;0;0
3013045;Rydzyna - obszar wiejski (5);6 739;7 113;0;0
3013052;Święciechowa (2);8 108;8 456;0;0
3013062;Wijewo (2);3 836;3 768;0;0
3013072;Włoszakowice (2);9 669;9 716;0;0
3014000;Powiat międzychodzki;36 751;36 097;0;0
3014012;Chrzypsko Wielkie (2);3 306;3 239;0;0
3014022;Kwilcz (2);6 341;6 158;0;0
3014033;Międzychód (3);18 391;18 098;0;0
3014034;Międzychód - miasto (4);10 587;10 308;0;0
3014035;Międzychód - obszar wiejski (5);7 804;7 790;0;0
3014043;Sieraków (3);8 713;8 602;0;0
3014044;Sieraków - miasto (4);5 993;5 948;0;0
3014045;Sieraków - obszar wiejski (5);2 720;2 654;0;0
3015000;Powiat nowotomyski;75 543;75 277;0;0
3015012;Kuślin (2);5 523;5 238;0;0
3015023;Lwówek (3);9 089;8 833;0;0
3015024;Lwówek - miasto (4);2 954;2 939;0;0
3015025;Lwówek - obszar wiejski (5);6 135;5 894;0;0
3015032;Miedzichowo (2);3 695;3 817;0;0
3015043;Nowy Tomyśl (3);27 045;27 511;0;0
3015044;Nowy Tomyśl - miasto (4);14 431;14 189;0;0
3015045;Nowy Tomyśl - obszar wiejski (5);12 614;13 322;0;0
3015053;Opalenica (3);16 397;16 092;0;0
3015054;Opalenica - miasto (4);9 572;9 371;0;0
3015055;Opalenica - obszar wiejski (5);6 825;6 721;0;0
3015063;Zbąszyń (3);13 794;13 786;0;0
3015064;Zbąszyń - miasto (4);7 239;7 232;0;0
3015065;Zbąszyń - obszar wiejski (5);6 555;6 554;0;0
3016000;Powiat obornicki;59 825;59 180;0;0
3016013;Oborniki (3);34 179;34 163;0;0
3016014;Oborniki - miasto (4);18 055;17 672;0;0
3016015;Oborniki - obszar wiejski (5);16 124;16 491;0;0
3016023;Rogoźno (3);18 353;18 050;0;0
3016024;Rogoźno - miasto (4);11 088;10 989;0;0
3016025;Rogoźno - obszar wiejski (5);7 265;7 061;0;0
3016032;Ryczywół (2);7 293;6 967;0;0
3017000;Powiat ostrowski;161 581;159 843;0;0
3017011;Ostrów Wielkopolski (1);71 931;70 868;0;0
3017023;Nowe Skalmierzyce (3);15 563;15 774;0;0
3017024;Nowe Skalmierzyce - miasto (4);4 752;4 754;0;0
3017025;Nowe Skalmierzyce - obszar wiejski (5);10 811;11 020;0;0
3017033;Odolanów (3);14 655;14 506;0;0
3017034;Odolanów - miasto (4);5 145;5 041;0;0
3017035;Odolanów - obszar wiejski (5);9 510;9 465;0;0
3017042;Ostrów Wielkopolski (2);19 147;19 078;0;0
3017052;Przygodzice (2);12 179;12 219;0;0
3017063;Raszków (3);11 849;11 580;0;0
3017064;Raszków - miasto (4);2 115;2 125;0;0
3017065;Raszków - obszar wiejski (5);9 734;9 455;0;0
3017072;Sieroszewice (2);9 684;9 440;0;0
3017082;Sośnie (2);6 573;6 378;0;0
3018000;Powiat ostrzeszowski;55 500;55 062;0;0
3018012;Czajków (2);2 490;2 491;0;0
3018022;Doruchów (2);5 383;5 115;0;0
3018033;Grabów nad Prosną (3);7 817;7 735;0;0
3018034;Grabów nad Prosną - miasto (4);1 924;1 924;0;0
3018035;Grabów nad Prosną - obszar wiejski (5);5 893;5 811;0;0
3018042;Kobyla Góra (2);6 139;6 189;0;0
3018052;Kraszewice (2);3 621;3 552;0;0
3018063;Mikstat (3);6 046;5 902;0;0
3018064;Mikstat - miasto (4);1 845;1 755;0;0
3018065;Mikstat - obszar wiejski (5);4 201;4 147;0;0
3018073;Ostrzeszów (3);24 004;24 078;0;0
3018074;Ostrzeszów - miasto (4);14 134;14 067;0;0
3018075;Ostrzeszów - obszar wiejski (5);9 870;10 011;0;0
3019000;Powiat pilski;136 112;132 936;0;0
3019011;Piła (1);73 139;71 903;0;0
3019022;Białośliwie (2);4 852;4 585;0;0
3019032;Kaczory (2);7 860;7 543;0;0
3019043;Łobżenica (3);9 495;9 190;0;0
3019044;Łobżenica - miasto (4);2 952;2 864;0;0
3019045;Łobżenica - obszar wiejski (5);6 543;6 326;0;0
3019052;Miasteczko Krajeńskie (2);3 171;3 066;0;0
3019062;Szydłowo (2);9 196;9 279;0;0
3019073;Ujście (3);7 957;7 708;0;0
3019074;Ujście - miasto (4);3 674;3 501;0;0
3019075;Ujście - obszar wiejski (5);4 283;4 207;0;0
3019083;Wyrzysk (3);13 926;13 400;0;0
3019084;Wyrzysk - miasto (4);5 123;5 120;0;0
3019085;Wyrzysk - obszar wiejski (5);8 803;8 280;0;0
3019093;Wysoka (3);6 516;6 262;0;0
3019094;Wysoka - miasto (4);2 598;2 570;0;0
3019095;Wysoka - obszar wiejski (5);3 918;3 692;0;0
3020000;Powiat pleszewski;63 014;61 972;0;0
3020013;Chocz (3);4 753;4 520;0;0
3020014;Chocz - miasto (4);1 787;1 688;0;0
3020015;Chocz - obszar wiejski (5);2 966;2 832;0;0
3020022;Czermin (2);4 947;4 841;0;0
3020033;Dobrzyca (3);8 128;7 781;0;0
3020034;Dobrzyca - miasto (4);3 128;2 961;0;0
3020035;Dobrzyca - obszar wiejski (5);5 000;4 820;0;0
3020042;Gizałki (2);4 602;4 504;0;0
3020052;Gołuchów (2);10 777;11 105;0;0
3020063;Pleszew (3);29 807;29 221;0;0
3020064;Pleszew - miasto (4);17 192;16 916;0;0
3020065;Pleszew - obszar wiejski (5);12 615;12 305;0;0
3021000;Powiat poznański;399 272;429 870;0;0
3021011;Luboń (1);31 941;33 042;0;0
3021021;Puszczykowo (1);9 657;9 496;0;0
3021033;Buk (3);12 610;12 676;0;0
3021034;Buk - miasto (4);6 008;5 711;0;0
3021035;Buk - obszar wiejski (5);6 602;6 965;0;0
3021042;Czerwonak (2);27 617;27 871;0;0
3021052;Dopiewo (2);28 138;32 542;0;0
3021062;Kleszczewo (2);8 868;10 372;0;0
3021072;Komorniki (2);30 620;35 263;0;0
3021083;Kostrzyn (3);18 491;19 323;0;0
3021084;Kostrzyn - miasto (4);9 684;9 822;0;0
3021085;Kostrzyn - obszar wiejski (5);8 807;9 501;0;0
3021093;Kórnik (3);29 787;33 491;0;0
3021094;Kórnik - miasto (4);7 953;8 219;0;0
3021095;Kórnik - obszar wiejski (5);21 834;25 272;0;0
3021103;Mosina (3);33 442;34 696;0;0
3021104;Mosina - miasto (4);14 124;14 491;0;0
3021105;Mosina - obszar wiejski (5);19 318;20 205;0;0
3021113;Murowana Goślina (3);16 901;16 895;0;0
3021114;Murowana Goślina - miasto (4);10 433;10 261;0;0
3021115;Murowana Goślina - obszar wiejski (5);6 468;6 634;0;0
3021123;Pobiedziska (3);19 741;20 878;0;0
3021124;Pobiedziska - miasto (4);9 311;9 744;0;0
3021125;Pobiedziska - obszar wiejski (5);10 430;11 134;0;0
3021132;Rokietnica (2);18 637;22 009;0;0
3021143;Stęszew (3);15 126;15 349;0;0
3021144;Stęszew - miasto (4);5 946;5 958;0;0
3021145;Stęszew - obszar wiejski (5);9 180;9 391;0;0
3021152;Suchy Las (2);18 104;19 841;0;0
3021163;Swarzędz (3);51 522;55 124;0;0
3021164;Swarzędz - miasto (4);30 201;29 425;0;0
3021165;Swarzędz - obszar wiejski (5);21 321;25 699;0;0
3021172;Tarnowo Podgórne (2);28 070;31 002;0;0
3022000;Powiat rawicki;60 262;59 541;0;0
3022013;Bojanowo (3);8 739;8 431;0;0
3022014;Bojanowo - miasto (4);2 908;2 870;0;0
3022015;Bojanowo - obszar wiejski (5);5 831;5 561;0;0
3022023;Jutrosin (3);7 053;6 948;0;0
3022024;Jutrosin - miasto (4);1 977;1 913;0;0
3022025;Jutrosin - obszar wiejski (5);5 076;5 035;0;0
3022033;Miejska Górka (3);9 249;9 013;0;0
3022034;Miejska Górka - miasto (4);3 198;3 155;0;0
3022035;Miejska Górka - obszar wiejski (5);6 051;5 858;0;0
3022042;Pakosław (2);4 918;4 805;0;0
3022053;Rawicz (3);30 303;30 344;0;0
3022054;Rawicz - miasto (4);20 111;20 193;0;0
3022055;Rawicz - obszar wiejski (5);10 192;10 151;0;0
3023000;Powiat słupecki;59 077;58 089;0;0
3023011;Słupca (1);13 658;13 381;0;0
3023022;Lądek (2);5 740;5 552;0;0
3023032;Orchowo (2);3 795;3 624;0;0
3023042;Ostrowite (2);5 077;4 887;0;0
3023052;Powidz (2);2 320;2 234;0;0
3023062;Słupca (2);9 263;9 734;0;0
3023072;Strzałkowo (2);10 279;10 050;0;0
3023083;Zagórów (3);8 945;8 627;0;0
3023084;Zagórów - miasto (4);2 945;2 876;0;0
3023085;Zagórów - obszar wiejski (5);6 000;5 751;0;0
3024000;Powiat szamotulski;91 664;91 723;0;0
3024011;Obrzycko (1);2 375;2 381;0;0
3024022;Duszniki (2);9 109;9 420;0;0
3024032;Kaźmierz (2);8 755;9 020;0;0
3024042;Obrzycko (2);4 467;4 379;0;0
3024053;Ostroróg (3);4 925;4 748;0;0
3024054;Ostroróg - miasto (4);1 892;1 874;0;0
3024055;Ostroróg - obszar wiejski (5);3 033;2 874;0;0
3024063;Pniewy (3);12 708;12 555;0;0
3024064;Pniewy - miasto (4);8 134;8 168;0;0
3024065;Pniewy - obszar wiejski (5);4 574;4 387;0;0
3024073;Szamotuły (3);30 251;30 182;0;0
3024074;Szamotuły - miasto (4);18 853;18 756;0;0
3024075;Szamotuły - obszar wiejski (5);11 398;11 426;0;0
3024083;Wronki (3);19 074;19 038;0;0
3024084;Wronki - miasto (4);11 119;10 952;0;0
3024085;Wronki - obszar wiejski (5);7 955;8 086;0;0
3025000;Powiat średzki;58 879;59 469;0;0
3025012;Dominowo (2);3 079;3 210;0;0
3025022;Krzykosy (2);7 136;7 224;0;0
3025032;Nowe Miasto nad Wartą (2);9 057;8 760;0;0
3025043;Środa Wielkopolska (3);32 649;33 338;0;0
3025044;Środa Wielkopolska - miasto (4);23 505;24 225;0;0
3025045;Środa Wielkopolska - obszar wiejski (5);9 144;9 113;0;0
3025052;Zaniemyśl (2);6 958;6 937;0;0
3026000;Powiat śremski;61 425;61 227;0;0
3026012;Brodnica (2);4 892;4 749;0;0
3026023;Dolsk (3);5 883;5 780;0;0
3026024;Dolsk - miasto (4);1 560;1 564;0;0
3026025;Dolsk - obszar wiejski (5);4 323;4 216;0;0
3026033;Książ Wielkopolski (3);8 495;8 193;0;0
3026034;Książ Wielkopolski - miasto (4);2 715;2 647;0;0
3026035;Książ Wielkopolski - obszar wiejski (5);5 780;5 546;0;0
3026043;Śrem (3);42 155;42 505;0;0
3026044;Śrem - miasto (4);29 446;28 915;0;0
3026045;Śrem - obszar wiejski (5);12 709;13 590;0;0
3027000;Powiat turecki;83 894;82 151;0;0
3027011;Turek (1);26 833;25 521;0;0
3027022;Brudzew (2);5 966;5 979;0;0
3027033;Dobra (3);6 134;5 928;0;0
3027034;Dobra - miasto (4);1 369;1 361;0;0
3027035;Dobra - obszar wiejski (5);4 765;4 567;0;0
3027042;Kawęczyn (2);5 195;4 995;0;0
3027052;Malanów (2);6 585;6 483;0;0
3027062;Przykona (2);4 589;4 584;0;0
3027073;Tuliszków (3);10 537;10 285;0;0
3027074;Tuliszków - miasto (4);3 239;3 137;0;0
3027075;Tuliszków - obszar wiejski (5);7 298;7 148;0;0
3027082;Turek (2);9 970;10 341;0;0
3027092;Władysławów (2);8 085;8 035;0;0
3028000;Powiat wągrowiecki;70 233;69 243;0;0
3028011;Wągrowiec (1);25 686;25 786;0;0
3028022;Damasławek (2);5 326;5 118;0;0
3028033;Gołańcz (3);8 293;7 917;0;0
3028034;Gołańcz - miasto (4);3 282;3 201;0;0
3028035;Gołańcz - obszar wiejski (5);5 011;4 716;0;0
3028042;Mieścisko (2);5 937;5 720;0;0
3028053;Skoki (3);9 713;9 884;0;0
3028054;Skoki - miasto (4);4 425;4 623;0;0
3028055;Skoki - obszar wiejski (5);5 288;5 261;0;0
3028062;Wapno (2);2 962;2 789;0;0
3028072;Wągrowiec (2);12 316;12 029;0;0
3029000;Powiat wolsztyński;57 446;56 870;0;0
3029012;Przemęt (2);14 173;14 004;0;0
3029022;Siedlec (2);12 734;12 435;0;0
3029033;Wolsztyn (3);30 539;30 431;0;0
3029034;Wolsztyn - miasto (4);13 018;12 550;0;0
3029035;Wolsztyn - obszar wiejski (5);17 521;17 881;0;0
3030000;Powiat wrzesiński;77 994;78 269;0;0
3030012;Kołaczkowo (2);6 025;5 717;0;0
3030023;Miłosław (3);10 202;10 050;0;0
3030024;Miłosław - miasto (4);3 551;3 502;0;0
3030025;Miłosław - obszar wiejski (5);6 651;6 548;0;0
3030033;Nekla (3);7 571;7 702;0;0
3030034;Nekla - miasto (4);3 807;3 822;0;0
3030035;Nekla - obszar wiejski (5);3 764;3 880;0;0
3030043;Pyzdry (3);6 937;6 650;0;0
3030044;Pyzdry - miasto (4);3 118;3 021;0;0
3030045;Pyzdry - obszar wiejski (5);3 819;3 629;0;0
3030053;Września (3);47 259;48 150;0;0
3030054;Września - miasto (4);30 922;32 015;0;0
3030055;Września - obszar wiejski (5);16 337;16 135;0;0
3031000;Powiat złotowski;69 433;68 315;0;0
3031011;Złotów (1);18 532;18 789;0;0
3031023;Jastrowie (3);11 500;11 056;0;0
3031024;Jastrowie - miasto (4);8 633;8 371;0;0
3031025;Jastrowie - obszar wiejski (5);2 867;2 685;0;0
3031033;Krajenka (3);7 534;7 475;0;0
3031034;Krajenka - miasto (4);3 643;3 602;0;0
3031035;Krajenka - obszar wiejski (5);3 891;3 873;0;0
3031042;Lipka (2);5 509;5 357;0;0
3031053;Okonek (3);8 502;8 068;0;0
3031054;Okonek - miasto (4);3 873;3 694;0;0
3031055;Okonek - obszar wiejski (5);4 629;4 374;0;0
3031062;Tarnówka (2);3 009;2 941;0;0
3031072;Zakrzewo (2);4 905;4 919;0;0
3031082;Złotów (2);9 942;9 710;0;0
3061000;Powiat m. Kalisz;0;0;100 246;96 222
3061011;Kalisz (1);0;0;100 246;96 222
3062000;Powiat m. Konin;0;0;73 522;70 162
3062011;Konin (1);0;0;73 522;70 162
3063000;Powiat m. Leszno;0;0;63 505;62 057
3063011;Leszno (1);0;0;63 505;62 057
3064000;Powiat m. Poznań;0;0;534 813;547 777
3064011;Poznań (1);0;0;534 813;547 777
3200000;ZACHODNIOPOMORSKIE;1 146 350;1 117 306;549 843;543 767
3201000;Powiat białogardzki;47 560;45 695;0;0
3201011;Białogard (1);24 146;23 243;0;0
3201022;Białogard (2);7 546;7 353;0;0
3201033;Karlino (3);9 137;8 714;0;0
3201034;Karlino - miasto (4);5 918;5 597;0;0
3201035;Karlino - obszar wiejski (5);3 219;3 117;0;0
3201043;Tychowo (3);6 731;6 385;0;0
3201044;Tychowo - miasto (4);2 520;2 345;0;0
3201045;Tychowo - obszar wiejski (5);4 211;4 040;0;0
3202000;Powiat choszczeński;48 243;45 758;0;0
3202012;Bierzwnik (2);4 670;4 461;0;0
3202023;Choszczno (3);21 635;20 667;0;0
3202024;Choszczno - miasto (4);15 109;14 464;0;0
3202025;Choszczno - obszar wiejski (5);6 526;6 203;0;0
3202033;Drawno (3);5 053;4 711;0;0
3202034;Drawno - miasto (4);2 274;2 203;0;0
3202035;Drawno - obszar wiejski (5);2 779;2 508;0;0
3202042;Krzęcin (2);3 667;3 391;0;0
3202053;Pełczyce (3);7 764;7 397;0;0
3202054;Pełczyce - miasto (4);2 589;2 478;0;0
3202055;Pełczyce - obszar wiejski (5);5 175;4 919;0;0
3202063;Recz (3);5 454;5 131;0;0
3202064;Recz - miasto (4);2 883;2 758;0;0
3202065;Recz - obszar wiejski (5);2 571;2 373;0;0
3203000;Powiat drawski;57 015;54 915;0;0
3203013;Czaplinek (3);11 867;11 368;0;0
3203014;Czaplinek - miasto (4);7 119;6 905;0;0
3203015;Czaplinek - obszar wiejski (5);4 748;4 463;0;0
3203023;Drawsko Pomorskie (3);17 174;16 789;0;0
3203024;Drawsko Pomorskie - miasto (4);11 523;11 549;0;0
3203025;Drawsko Pomorskie - obszar wiejski (5);5 651;5 240;0;0
3203033;Kalisz Pomorski (3);7 372;6 932;0;0
3203034;Kalisz Pomorski - miasto (4);4 388;4 115;0;0
3203035;Kalisz Pomorski - obszar wiejski (5);2 984;2 817;0;0
3203052;Wierzchowo (2);4 243;4 135;0;0
3203063;Złocieniec (3);16 359;15 691;0;0
3203064;Złocieniec - miasto (4);12 833;12 422;0;0
3203065;Złocieniec - obszar wiejski (5);3 526;3 269;0;0
3204000;Powiat goleniowski;82 421;82 059;0;0
3204023;Goleniów (3);36 088;36 966;0;0
3204024;Goleniów - miasto (4);22 216;22 215;0;0
3204025;Goleniów - obszar wiejski (5);13 872;14 751;0;0
3204033;Maszewo (3);8 777;8 556;0;0
3204034;Maszewo - miasto (4);3 363;3 317;0;0
3204035;Maszewo - obszar wiejski (5);5 414;5 239;0;0
3204043;Nowogard (3);24 634;23 914;0;0
3204044;Nowogard - miasto (4);16 585;16 153;0;0
3204045;Nowogard - obszar wiejski (5);8 049;7 761;0;0
3204052;Osina (2);3 034;2 933;0;0
3204062;Przybiernów (2);5 005;4 901;0;0
3204073;Stepnica (3);4 883;4 789;0;0
3204074;Stepnica - miasto (4);2 472;2 500;0;0
3204075;Stepnica - obszar wiejski (5);2 411;2 289;0;0
3205000;Powiat gryficki;60 277;57 961;0;0
3205012;Brojce (2);3 743;3 522;0;0
3205023;Gryfice (3);23 757;23 214;0;0
3205024;Gryfice - miasto (4);16 415;15 895;0;0
3205025;Gryfice - obszar wiejski (5);7 342;7 319;0;0
3205032;Karnice (2);3 977;3 839;0;0
3205043;Płoty (3);8 801;8 367;0;0
3205044;Płoty - miasto (4);3 927;3 823;0;0
3205045;Płoty - obszar wiejski (5);4 874;4 544;0;0
3205072;Rewal (2);3 862;3 685;0;0
3205083;Trzebiatów (3);16 137;15 334;0;0
3205084;Trzebiatów - miasto (4);9 964;9 614;0;0
3205085;Trzebiatów - obszar wiejski (5);6 173;5 720;0;0
3206000;Powiat gryfiński;81 882;78 974;0;0
3206012;Banie (2);6 308;5 946;0;0
3206023;Cedynia (3);4 221;4 103;0;0
3206024;Cedynia - miasto (4);1 520;1 483;0;0
3206025;Cedynia - obszar wiejski (5);2 701;2 620;0;0
3206033;Chojna (3);13 706;13 412;0;0
3206034;Chojna - miasto (4);7 408;7 378;0;0
3206035;Chojna - obszar wiejski (5);6 298;6 034;0;0
3206043;Gryfino (3);31 827;30 813;0;0
3206044;Gryfino - miasto (4);21 167;20 348;0;0
3206045;Gryfino - obszar wiejski (5);10 660;10 465;0;0
3206053;Mieszkowice (3);7 047;6 739;0;0
3206054;Mieszkowice - miasto (4);3 612;3 456;0;0
3206055;Mieszkowice - obszar wiejski (5);3 435;3 283;0;0
3206063;Moryń (3);4 267;4 174;0;0
3206064;Moryń - miasto (4);1 629;1 633;0;0
3206065;Moryń - obszar wiejski (5);2 638;2 541;0;0
3206072;Stare Czarnowo (2);3 828;3 712;0;0
3206083;Trzcińsko-Zdrój (3);5 271;4 954;0;0
3206084;Trzcińsko-Zdrój - miasto (4);2 248;2 186;0;0
3206085;Trzcińsko-Zdrój - obszar wiejski (5);3 023;2 768;0;0
3206092;Widuchowa (2);5 407;5 121;0;0
3207000;Powiat kamieński;46 999;45 185;0;0
3207013;Dziwnów (3);3 957;3 717;0;0
3207014;Dziwnów - miasto (4);2 660;2 459;0;0
3207015;Dziwnów - obszar wiejski (5);1 297;1 258;0;0
3207023;Golczewo (3);5 871;5 588;0;0
3207024;Golczewo - miasto (4);2 660;2 548;0;0
3207025;Golczewo - obszar wiejski (5);3 211;3 040;0;0
3207033;Kamień Pomorski (3);14 377;13 834;0;0
3207034;Kamień Pomorski - miasto (4);8 808;8 590;0;0
3207035;Kamień Pomorski - obszar wiejski (5);5 569;5 244;0;0
3207043;Międzyzdroje (3);6 452;6 179;0;0
3207044;Międzyzdroje - miasto (4);5 343;5 052;0;0
3207045;Międzyzdroje - obszar wiejski (5);1 109;1 127;0;0
3207052;Świerzno (2);4 227;4 049;0;0
3207063;Wolin (3);12 115;11 818;0;0
3207064;Wolin - miasto (4);4 770;4 706;0;0
3207065;Wolin - obszar wiejski (5);7 345;7 112;0;0
3208000;Powiat kołobrzeski;79 438;77 880;0;0
3208011;Kołobrzeg (1);46 259;44 491;0;0
3208022;Dygowo (2);5 592;5 437;0;0
3208033;Gościno (3);5 138;5 237;0;0
3208034;Gościno - miasto (4);2 418;2 614;0;0
3208035;Gościno - obszar wiejski (5);2 720;2 623;0;0
3208042;Kołobrzeg (2);10 982;11 300;0;0
3208052;Rymań (2);3 929;3 738;0;0
3208062;Siemyśl (2);3 853;3 920;0;0
3208072;Ustronie Morskie (2);3 685;3 757;0;0
3209000;Powiat koszaliński;66 480;66 408;0;0
3209012;Będzino (2);8 659;8 545;0;0
3209022;Biesiekierz (2);7 154;7 386;0;0
3209033;Bobolice (3);8 898;8 460;0;0
3209034;Bobolice - miasto (4);3 961;3 862;0;0
3209035;Bobolice - obszar wiejski (5);4 937;4 598;0;0
3209042;Manowo (2);6 948;6 829;0;0
3209053;Mielno (3);4 888;4 858;0;0
3209054;Mielno - miasto (4);2 914;2 872;0;0
3209055;Mielno - obszar wiejski (5);1 974;1 986;0;0
3209063;Polanów (3);8 610;8 316;0;0
3209064;Polanów - miasto (4);2 889;2 914;0;0
3209065;Polanów - obszar wiejski (5);5 721;5 402;0;0
3209073;Sianów (3);13 853;13 992;0;0
3209074;Sianów - miasto (4);6 621;6 541;0;0
3209075;Sianów - obszar wiejski (5);7 232;7 451;0;0
3209082;Świeszyno (2);7 470;8 022;0;0
3210000;Powiat myśliborski;65 638;63 931;0;0
3210013;Barlinek (3);19 244;18 777;0;0
3210014;Barlinek - miasto (4);13 663;13 378;0;0
3210015;Barlinek - obszar wiejski (5);5 581;5 399;0;0
3210022;Boleszkowice (2);2 849;2 812;0;0
3210033;Dębno (3);20 486;19 931;0;0
3210034;Dębno - miasto (4);13 696;13 346;0;0
3210035;Dębno - obszar wiejski (5);6 790;6 585;0;0
3210043;Myślibórz (3);19 702;19 059;0;0
3210044;Myślibórz - miasto (4);11 109;10 666;0;0
3210045;Myślibórz - obszar wiejski (5);8 593;8 393;0;0
3210052;Nowogródek Pomorski (2);3 357;3 352;0;0
3211000;Powiat policki;80 652;82 622;0;0
3211012;Dobra (Szczecińska) (2);24 292;27 071;0;0
3211022;Kołbaskowo (2);13 436;14 189;0;0
3211033;Nowe Warpno (3);1 636;1 565;0;0
3211034;Nowe Warpno - miasto (4);1 181;1 115;0;0
3211035;Nowe Warpno - obszar wiejski (5);455;450;0;0
3211043;Police (3);41 288;39 797;0;0
3211044;Police - miasto (4);32 490;30 744;0;0
3211045;Police - obszar wiejski (5);8 798;9 053;0;0
3212000;Powiat pyrzycki;39 336;37 520;0;0
3212012;Bielice (2);3 122;2 997;0;0
3212022;Kozielice (2);2 477;2 450;0;0
3212033;Lipiany (3);5 832;5 651;0;0
3212034;Lipiany - miasto (4);3 908;3 829;0;0
3212035;Lipiany - obszar wiejski (5);1 924;1 822;0;0
3212042;Przelewice (2);5 129;4 677;0;0
3212053;Pyrzyce (3);19 313;18 545;0;0
3212054;Pyrzyce - miasto (4);12 578;12 068;0;0
3212055;Pyrzyce - obszar wiejski (5);6 735;6 477;0;0
3212062;Warnice (2);3 463;3 200;0;0
3213000;Powiat sławieński;56 134;54 356;0;0
3213011;Darłowo (1);13 695;13 142;0;0
3213021;Sławno (1);12 468;12 070;0;0
3213032;Darłowo (2);7 949;7 657;0;0
3213042;Malechowo (2);6 264;6 102;0;0
3213052;Postomino (2);6 891;6 853;0;0
3213062;Sławno (2);8 867;8 532;0;0
3214000;Powiat stargardzki;120 186;119 256;0;0
3214011;Stargard (1);67 837;67 445;0;0
3214023;Chociwel (3);5 804;5 584;0;0
3214024;Chociwel - miasto (4);3 150;3 052;0;0
3214025;Chociwel - obszar wiejski (5);2 654;2 532;0;0
3214033;Dobrzany (3);4 800;4 641;0;0
3214034;Dobrzany - miasto (4);2 247;2 187;0;0
3214035;Dobrzany - obszar wiejski (5);2 553;2 454;0;0
3214042;Dolice (2);7 802;7 335;0;0
3214053;Ińsko (3);3 346;3 209;0;0
3214054;Ińsko - miasto (4);1 918;1 820;0;0
3214055;Ińsko - obszar wiejski (5);1 428;1 389;0;0
3214062;Kobylanka (2);5 714;6 083;0;0
3214082;Marianowo (2);3 113;2 945;0;0
3214092;Stara Dąbrowa (2);3 720;3 595;0;0
3214102;Stargard (2);13 752;14 274;0;0
3214113;Suchań (3);4 298;4 145;0;0
3214114;Suchań - miasto (4);1 462;1 416;0;0
3214115;Suchań - obszar wiejski (5);2 836;2 729;0;0
3215000;Powiat szczecinecki;77 630;74 464;0;0
3215011;Szczecinek (1);40 043;38 489;0;0
3215023;Barwice (3);8 478;8 070;0;0
3215024;Barwice - miasto (4);3 686;3 537;0;0
3215025;Barwice - obszar wiejski (5);4 792;4 533;0;0
3215033;Biały Bór (3);5 294;4 988;0;0
3215034;Biały Bór - miasto (4);2 210;2 085;0;0
3215035;Biały Bór - obszar wiejski (5);3 084;2 903;0;0
3215043;Borne Sulinowo (3);9 935;9 481;0;0
3215044;Borne Sulinowo - miasto (4);5 099;5 061;0;0
3215045;Borne Sulinowo - obszar wiejski (5);4 836;4 420;0;0
3215052;Grzmiąca (2);4 665;4 477;0;0
3215062;Szczecinek (2);9 215;8 959;0;0
3216000;Powiat świdwiński;46 724;44 582;0;0
3216011;Świdwin (1);15 468;14 971;0;0
3216022;Brzeżno (2);2 766;2 667;0;0
3216033;Połczyn-Zdrój (3);15 118;14 116;0;0
3216034;Połczyn-Zdrój - miasto (4);8 020;7 498;0;0
3216035;Połczyn-Zdrój - obszar wiejski (5);7 098;6 618;0;0
3216042;Rąbino (2);3 560;3 395;0;0
3216052;Sławoborze (2);3 994;3 938;0;0
3216062;Świdwin (2);5 818;5 495;0;0
3217000;Powiat wałecki;53 039;51 165;0;0
3217011;Wałcz (1);25 179;24 237;0;0
3217023;Człopa (3);4 891;4 660;0;0
3217024;Człopa - miasto (4);2 306;2 234;0;0
3217025;Człopa - obszar wiejski (5);2 585;2 426;0;0
3217033;Mirosławiec (3);5 402;5 409;0;0
3217034;Mirosławiec - miasto (4);3 066;3 058;0;0
3217035;Mirosławiec - obszar wiejski (5);2 336;2 351;0;0
3217043;Tuczno (3);4 890;4 612;0;0
3217044;Tuczno - miasto (4);1 913;1 843;0;0
3217045;Tuczno - obszar wiejski (5);2 977;2 769;0;0
3217052;Wałcz (2);12 677;12 247;0;0
3218000;Powiat łobeski;36 696;34 575;0;0
3218013;Dobra (3);4 363;4 038;0;0
3218014;Dobra - miasto (4);2 290;2 117;0;0
3218015;Dobra - obszar wiejski (5);2 073;1 921;0;0
3218023;Łobez (3);13 863;13 267;0;0
3218024;Łobez - miasto (4);10 066;9 828;0;0
3218025;Łobez - obszar wiejski (5);3 797;3 439;0;0
3218032;Radowo Małe (2);3 592;3 337;0;0
3218043;Resko (3);7 988;7 470;0;0
3218044;Resko - miasto (4);4 205;4 052;0;0
3218045;Resko - obszar wiejski (5);3 783;3 418;0;0
3218053;Węgorzyno (3);6 890;6 463;0;0
3218054;Węgorzyno - miasto (4);2 779;2 664;0;0
3218055;Węgorzyno - obszar wiejski (5);4 111;3 799;0;0
3261000;Powiat m. Koszalin;0;0;107 048;106 152
3261011;Koszalin (1);0;0;107 048;106 152
3262000;Powiat m. Szczecin;0;0;401 907;397 289
3262011;Szczecin (1);0;0;401 907;397 289
3263000;Powiat m. Świnoujście;0;0;40 888;40 326
3263011;Świnoujście (1);0;0;40 888;40 326
